t,idx,x,y,yaw,v,delta_actual,e_psi,e_y,a_cmd,delta_cmd,v_cmd
1761334863.5386713,9.0,0.4062441828934256,6.134091139845864,-1.5738340616226196,5.293946665087651e-05,0.0,0.007156848907470703,-0.003710969518201488,6.999999999898615,-0.009926892602872748,0.46671960612655855
1761334863.6050394,9.0,0.4062409308482126,6.134088268468896,-1.5738601684570312,5.3123905030332584e-05,-0.5687690498242448,0.007183127876306372,-0.0037142781482130127,3.558066273713808,-0.014061858177422462,0.23725754215261752
1761334863.6745303,9.0,0.40620379488940384,6.123463940186718,-1.5736510753631592,5.3123905030332584e-05,-0.805685125677831,0.006974106491677734,-0.0037979914107203368,6.886110599324515,-0.013593360755768296,0.45912716385999797
1761334863.74025,9.0,0.4061747069356389,6.105864125236161,-1.5728908777236938,5.368635068817133e-05,-0.7788422007042863,0.006213903222734629,-0.003894995947474939,-0.5119560912938255,-0.011968909374240427,-0.03407671973556686
1761334863.8198407,10.0,0.4061603173592219,6.085163412843872,-1.5718040466308594,5.368635068817133e-05,-0.6857679925185436,0.0034321259807832405,-0.00397446722931659,6.846413028540749,-0.00793441537931177,0.45648122158673815
1761334863.8807764,10.0,0.4061629399855012,6.069667221449143,-1.5710262060165405,5.418553205020931e-05,-0.4546085141382566,0.0026542159548248456,-0.0040107976974933495,2.814293736452231,-0.004657006847576056,0.18767376796219895
1761334863.943625,11.0,0.4061770686718215,6.04717671478781,-1.5704306364059448,5.482993787161045e-05,-0.26682683752963227,0.0006744502956754772,-0.004039557841202527,9.401365259680261,-0.0006253969726880944,0.6268125139165558
1761334864.0068283,11.0,0.406190086328476,6.029532776432835,-1.5702625513076782,5.942921921410609e-05,-0.035832607055286236,0.0005062939839848291,-0.004049801274297875,-2.689399401976452,-0.0003296557883024917,-0.17923386424588267
1761334864.0755124,11.0,0.4061984715092023,6.005648005907074,-1.5703034400939941,6.437921147211926e-05,-0.018887885361790906,0.0005471775662186928,-0.004059899367167345,6.193179853109632,-0.00043729053104029633,0.4129430360854476
1761334864.139769,12.0,0.4062022742854829,5.999040950471331,-1.5703070163726807,6.860302496788657e-05,-0.0250549018496435,-0.0005223653149890595,-0.004058796017085528,2.0397524877491895,0.0017755903239680287,0.13605210220824718
1761334864.2108023,12.0,0.40620961042553494,5.98242984973819,-1.570284128189087,7.868461622989641e-05,0.10173383170763459,-0.000545308892333729,-0.00405403986163106,9.99998192700673,0.0017250364177862792,0.6667441464166786
1761334864.2780418,12.0,0.40621585818337025,5.969868055949317,-1.5703535079956055,0.050211170523943915,0.09883730624552002,-0.0005041550062299116,-0.004032462296739962,-0.36936538651561435,0.0017086153187836073,0.02558681142290296
1761334864.34097,13.0,0.4062221059408201,5.942838549356278,-1.5705182552337646,0.10344192066942279,0.09789644657770043,-0.0011311684443082726,-0.003993458941553275,9.999994407137825,0.0029272526800910624,0.7701082144786111
1761334864.4113429,14.0,0.406223479231501,5.928331258522711,-1.5706140995025635,0.1403076737410495,0.1677192241375768,-0.0015630198437195375,-0.003952244001461932,9.999994729550648,0.0029991633821393037,0.806973989044426
1761334864.4772959,14.0,0.4062228903374795,5.898412113188096,-1.5707913637161255,0.1901474813138722,0.1718394038667638,-0.0014378385881315126,-0.003895760133428311,9.999999996877781,0.003584116329285061,0.856814147772391
1761334864.541712,15.0,0.4062084707805363,5.856367940584299,-1.5711857080459595,0.22195617939209913,0.20535473895195483,-0.0012575587474064065,-0.003841452752563394,-9.99999999976105,0.0031629202035496564,-0.4447104872586375
1761334864.6107247,17.0,0.40616950244174127,5.808090997396963,-1.5716890096664429,0.25025656526431844,0.18122197860005457,-0.00010136138793948035,-0.0038414636219717725,3.9999909741349873,0.0010038447677614404,0.516922630206651
1761334864.674068,17.0,0.4061668118686845,5.777822767748707,-1.5719674825668335,0.26327151116578307,0.05751606847902083,0.0003492092966128624,-0.0038775590077899306,2.1430736557718415,-0.00026892309820208634,0.40614308821723916
1761334864.7448833,18.0,0.40613815035798406,5.756530524833648,-1.5721688270568848,0.2695026931986551,-0.015408158540561726,0.0014526177573639387,-0.003937036197836626,5.963438561350885,-0.002511785547927931,0.6670652639553807
1761334864.8083959,18.0,0.4060994728874832,5.731382586943316,-1.5722922086715698,0.28483259698073427,-0.1439147109382254,0.0017858629536076087,-0.00403840747024669,-2.1950892560391013,-0.0031190652522061434,0.1384933132447942
1761334864.8743906,19.0,0.4060596367227578,5.7033531499145065,-1.5722672939300537,0.30833339995954423,-0.1787092749773197,0.0018179674190195172,-0.004104219976283091,6.341473215755584,-0.0031438484147073317,0.7310982810099165
1761334864.9408503,20.0,0.406029747415639,5.6762855468990185,-1.5719220638275146,0.3230153449311983,-0.1801292455916247,0.0014823104551839883,-0.004124046432829329,0.5908741568889315,-0.0024282532929379473,0.3624069553904604
1761334865.00789,21.0,0.40599433036355353,5.622708188509655,-1.5713176727294922,0.3552534027241516,-0.13912866527408874,0.0008352951113428375,-0.004118255953415658,9.999842403678121,-0.0011925026966902385,1.0219095629693598
1761334865.0759308,22.0,0.4059860965806119,5.59044873750542,-1.5710567235946655,0.39345127829545445,-0.06832537157831998,0.00046857202701389156,-0.004081888947551336,-5.951194532634835,-0.0003830475811292401,-0.0032950238802011977
1761334865.1480768,23.0,0.4059843811593035,5.5460933489627,-1.5708835124969482,0.4081444361869901,-0.021947009751400452,0.00023127341271678148,-0.0040498552189486845,5.214626899528033,-0.0002580156824967762,0.755786229488859
1761334865.2101307,23.0,0.40598503919459444,5.523218994020668,-1.570839285850525,0.42425815389483645,-0.014783209655252745,0.0001717472600981651,-0.0040449631664778996,-2.052870553631948,-1.240053153668953e-05,0.28740011698603996
1761334865.2775235,24.0,0.4059837267003182,5.491034870136858,-1.570809245109558,0.42425815389483645,-0.0007104981207711868,0.0001611000192172085,-0.004039853990535604,9.99999974437783,-3.86396530907209e-05,1.090924803520025
1761334865.3467565,25.0,0.4059844681820992,5.46446407318046,-1.5707995891571045,0.44327214524389247,-0.002213889043947935,0.0002239819591176584,-0.004044567893215496,9.999999754611407,8.485033425517223e-06,1.1099387955513196
1761334865.4101377,26.0,0.405983670671949,5.415714626133941,-1.5708487033843994,0.44327214524389247,0.0004861566043095683,0.00035032054606976004,-0.004058895175871637,9.999999661158608,0.0008747679319608678,1.109938789321133
1761334865.4787812,27.0,0.40598100157595607,5.353861217322891,-1.5708483457565308,0.46162665580569917,0.05012051055474488,0.0003188054748219926,-0.004051667532232219,-9.999995860011992,0.0010461888585470477,-0.20503973486176696
1761334865.5452428,29.0,0.40598045798159343,5.28826082204216,-1.5708588361740112,0.4742996647850388,0.05994220616835491,0.0005938248637313848,-0.004082291864704994,3.9999906469599313,1.0071155240275969e-05,0.7409657079157009
1761334865.607863,29.0,0.40597899885987393,5.248813990915849,-1.5708948373794556,0.48728941454922736,0.000577034690088879,0.0007901862712160757,-0.004155566712089125,-0.8001696154069453,2.9770686839327263e-05,0.4339447735220977
1761334865.6767037,30.0,0.40597237797574126,5.211831452259925,-1.5710101127624512,0.5037635471643246,0.0017057347090991164,0.0009893103277995863,-0.004201846147371153,9.999999229289498,-0.0003292544277234713,1.170430162450291
1761334865.743162,31.0,0.40596391411613575,5.179336906848445,-1.571025013923645,0.5178256268704482,-0.01886488909455011,0.0011116059074263163,-0.00425547760076445,-3.783447065480525,-0.00041046326549871103,0.2655958225050799
1761334865.810716,32.0,0.40595192523773804,5.135161757646662,-1.5710620880126953,0.5178256268704482,-0.02351781275823392,0.0011690814970322094,-0.004310925395901231,5.864965852243666,-0.0006214519080333306,0.9088233503533593
1761334865.8779302,33.0,0.40594335647416857,5.095466972906697,-1.571020245552063,0.5178256268704482,-0.03560657150066202,0.0011294021740955174,-0.0043576937936015015,-4.761237260479726,-0.000554095273741927,0.2004098095051331
1761334865.9451993,33.0,0.40593781562652564,5.0591858654144275,-1.5709670782089233,0.5322188382326181,-0.031747320633558444,0.0010674534331709395,-0.00438787986787391,5.571549715434557,-0.0005738247334456535,0.9036554859282552
1761334866.0102851,34.0,0.4059347102246308,5.024112586587988,-1.570873498916626,0.5659995192487202,-0.0328777354066554,0.0009099571287589647,-0.004416049065268701,-1.492340692035235,-0.00012106699720239886,0.4665101397797045
1761334866.0791392,35.0,0.40593542190409926,4.994290714245456,-1.5708131790161133,0.5659995192487202,-0.0069366279780196,0.0007659937369535186,-0.004410296531112273,9.999999860446989,0.0001153855565266911,1.2326661766118527
1761334866.1453004,37.0,0.40594257803776673,4.91372335381636,-1.5707066059112549,0.5994806216958807,0.006611105405747591,0.0006144768966143133,-0.004610455520634263,-1.51170937332064,0.0007169482355927307,0.498699996807838
1761334866.21221,38.0,0.4059474608502547,4.857757930559621,-1.5707414150238037,0.6056156953242031,0.041078108028814495,0.0528350061793601,-0.007378909717107431,9.999993978385081,-0.10624448849149809,1.2722819605498752
1761334866.2796328,39.0,0.40621043564953424,4.8115587121905845,-1.5683987140655518,0.6233052615385933,-5.688499843279418,0.12511110082945365,-0.017402754659039954,-3.4736041618556257,-0.25097526063398223,0.39173165074821825
1761334866.345226,41.0,0.4072505633338635,4.758117766418341,-1.5485317707061768,0.6428856046265627,-11.41807779458765,0.24433279974714672,-0.0309531728903153,9.999999973186343,-0.48180395895073336,1.3095522695056523
1761334866.4165974,41.0,0.4096812033957476,4.717214963113944,-1.5174411535263062,0.6479900422083088,-17.147655745895882,0.27004039891667775,-0.04678264455050344,9.999999977006192,-0.4841666137263461,1.314656707342055
1761334866.480121,42.0,0.415760964416594,4.657396437609783,-1.4607375860214233,0.6479900422083088,-27.740703547660424,0.26818069571371383,-0.05061699939284367,-9.999996600005462,-0.4886920770289131,-0.01867639779205532
1761334866.5499394,44.0,0.4258996556839647,4.593284622101979,-1.375365972518921,0.6605084719478451,-27.999993495238847,0.2960462675203579,-0.05407250840284188,3.999999064616837,-0.4886921474724319,0.9271750762556343
1761334866.6126254,45.0,0.43557035999343957,4.554376678712,-1.308600902557373,0.6722918023964074,-27.99999753135517,0.28695940063100966,-0.05361506284742994,-3.2962761698966503,-0.488692190417668,0.45254005773663075
1761334866.6811976,46.0,0.4499578550036014,4.51298186947454,-1.226814866065979,0.6882650142313724,-27.999999991935947,0.2640541204183502,-0.05029073990024645,9.99999963966377,-0.48869027368950047,1.3549316568756238
1761334866.7468095,46.0,0.46401174064207484,4.480604769862613,-1.1564364433288574,0.6791869719719812,-27.999890171501473,0.19209965878274282,-0.04464595214171057,9.999999999642023,-0.39208355311298315,1.3458536386147828
1761334866.8148844,47.0,0.48820612632696636,4.4358014148236835,-1.0804115533828735,0.6722918023964074,-22.464732809867385,0.1455216262875032,-0.031868345412523806,-9.99999761407292,-0.29471076153555653,0.005625294791546165
1761334866.8840606,49.0,0.5209884831937305,4.3849532928531225,-0.976920485496521,0.6722918023964074,-16.88568281307383,0.13249983217093053,-0.01607298363472021,4.000000715232807,-0.27237734287095133,0.9389585167452612
1761334866.946586,50.0,0.5458525919947502,4.345942864543373,-0.8689594268798828,0.6791869719719812,-15.606072181493253,0.07786075959787242,-0.0070075581563379275,-3.5312570910404784,-0.156595468914757,0.4437698325692826
1761334867.0134423,50.0,0.5699797916824755,4.3167466837477075,-0.7850537300109863,0.694202122505228,-9.87649423018502,-0.03219078537707354,0.008416549634870131,9.999999905086074,0.06297796600260652,1.3608687828442996
1761334867.0837445,51.0,0.5984550711619552,4.289656605731408,-0.7352270483970642,0.6791869719719812,-4.146916278876788,-0.07328683938770109,0.028512122714925307,9.999999937624299,0.08623114662959698,1.3458536344802678
1761334867.1493206,52.0,0.6325765748998835,4.260107489182565,-0.709094226360321,0.694202122505228,1.5826616724314437,-0.04606588966177316,0.035178305438132974,-9.999992814068534,0.07674234841305409,0.027535934900658976
1761334867.2192075,54.0,0.6898194774465883,4.212174112847018,-0.6908677220344543,0.7183747026767446,4.39701267399049,0.05661462388031113,0.035823715209422555,4.00000215417469,-0.04662748000415048,0.9850415129550574
1761334867.2799792,56.0,0.7657431241356645,4.150125616146922,-0.6943511962890625,0.7495187102117369,-1.3325652773177419,0.2107944129383248,0.016112203897571908,-4.842619039913818,-0.4234927187314976,0.426677440884149
1761334867.3497558,56.0,0.7977180095609212,4.123896650731943,-0.688422679901123,0.7495187102117369,-7.062143228625974,0.303727824504763,-0.014449511001254921,5.547214287208017,-0.46913044446322305,1.1193329960256047
1761334867.4169812,57.0,0.8265433974295298,4.101097807673042,-0.6713072657585144,0.7495187102117369,-12.791721179934207,0.3616766589712155,-0.023628255146350325,-2.468777374494697,-0.4886921905534567,0.5849335519120904
1761334867.482298,58.0,0.865112301733831,4.072675737513609,-0.631815493106842,0.7495187102117369,-18.52129913124244,0.3900753552309686,-0.031923876034310114,9.99999985646446,-0.4886921901124233,1.4161853673093674
1761334867.552407,59.0,0.8991240821427181,4.0501545801694805,-0.5811433792114258,0.7495187102117369,-27.999999974446716,0.4016929858127076,-0.036234847812191315,-2.9725848376512936,-0.48869205589071335,0.5513463877016507
1761334867.6171727,60.0,0.9507452614679041,4.021610772392039,-0.5012204647064209,0.7344241722996115,-27.999992284109215,0.3819155844778339,-0.03951112822029973,9.999999684995634,-0.4886921904680485,1.4010908179659871
1761334867.683314,61.0,0.9893896195162595,4.003961297175614,-0.4206259846687317,0.7344241722996115,-27.999999994822538,0.3645618378404327,-0.039739483234567025,6.056506474750328,-0.4886891617526869,1.1381912706163
1761334867.7509956,62.0,1.0451277965178454,3.984946455248835,-0.3185676038265228,0.7344241722996115,-27.999826462214973,0.3262186839788881,-0.039065398163599226,-9.99993316132014,-0.4233093519814407,0.06776196154493552
1761334867.8204606,63.0,1.1015963653306795,3.971640156745955,-0.208500936627388,0.7344241722996115,-24.253839296954386,0.2608888251921577,-0.03181268783221609,4.000019750965983,-0.3368694648716048,1.0010921556973438
1761334867.8827596,64.0,1.1393880856237377,3.961504411788427,-0.12318084388971329,0.7344241722996115,-19.3011985839735,0.21618530205980813,-0.0264012074782102,-2.094766475951169,-0.28062810465662186,0.5947730739028669
1761334867.9511409,65.0,1.1822500180737323,3.958311934625,-0.049689602106809616,0.7335000723959888,-16.078806009579996,0.12774855804061236,-0.01754178726089779,9.99999997491254,-0.1608772532039748,1.4001667373901583
1761334868.016132,66.0,1.2242888096712363,3.95811023667297,0.005407363176345825,0.7335000723959888,-10.349228058271763,0.042496196547604725,-0.0039495853256945905,-5.409512000226144,-0.06198626709145383,0.3728659390475792
1761334868.083141,67.0,1.2772089308886119,3.9610016543007474,0.0583997406065464,0.7335000723959888,-4.6196501069635305,-0.034488836151411295,0.011036184674426196,5.377144779843202,0.035894956421517785,1.0919763910522022
1761334868.149881,68.0,1.330909619566737,3.9650195097365346,0.09552881866693497,0.7335000723959888,1.1099278443447016,-0.0939460272812691,0.02498596281562958,-7.297669127219826,0.1828544993311031,0.24698879724800044
1761334868.2150123,69.0,1.3704940720838956,3.9691482686916832,0.10958646982908249,0.7263323018265135,6.839505795652934,-0.14251572505384358,0.03898915772547419,4.810697948330765,0.24947671124133391,1.0470454983818978
1761334868.2842147,70.0,1.4197153215335248,3.973824403528421,0.10581386089324951,0.7555750538398432,12.569083746961166,-0.15740611238504254,0.047737313707031624,-2.834567540172195,0.30627735108921467,0.5666038844950303
1761334868.3521216,71.0,1.458652729713396,3.977097834256539,0.08596522361040115,0.7555750538398432,17.548399577858547,-0.15277696757516024,0.051713784899049986,9.999996965066812,0.30033338290721523,1.4222415181776307
1761334868.42142,73.0,1.543286796960944,3.979084389543196,0.0001438371982658282,0.7390961993692952,17.20783528746993,-0.06500829998478563,0.04118963020530199,0.5569339768326937,0.1352878582171614,0.7762251311581414
1761334868.4848197,74.0,1.6043573412515257,3.975974541874009,-0.07017267495393753,0.7240275766665066,11.478257336161697,0.04659126216302001,0.018428467167469466,4.614980451740007,-0.09672212311212425,1.0316929401158403
1761334868.5514112,75.0,1.6578570228384064,3.9708797947261347,-0.11554700881242752,0.7240275766665066,5.748679384853465,0.14540284991630115,-0.006310486964242255,-6.914953676808108,-0.28008107165028223,0.26303066487929944
1761334868.619624,76.0,1.7090307809060032,3.9645074702169385,-0.13351373374462128,0.7390961993692952,0.019101433545232638,0.207773084646111,-0.026693964356219273,4.925513896955207,-0.3302593950772098,1.0674637924996422
1761334868.6837227,77.0,1.740548045034502,3.9603641110393655,-0.13154971599578857,0.7555750538398432,-11.440054469071232,0.2185060757488877,-0.034649196126671715,-2.223944388848258,-0.35762376276985247,0.6073120945832927
1761334868.753252,78.0,1.7841051873268854,3.9555767100223673,-0.1119220182299614,0.7555750538398432,-17.169632420379465,0.20240516526920338,-0.03880884564162564,9.999982261921609,-0.31554656879151544,1.4222405379679506
1761334868.8209503,79.0,1.8253944131827464,3.9522309078342706,-0.0794290229678154,0.7472197377117267,-18.07948663158833,0.15412959263016246,-0.03492277597781976,-5.481940972797647,-0.22681298378095,0.3817570061918836
1761334868.8862936,80.0,1.8809524172296925,3.9502409935410037,-0.029031723737716675,0.7472197377117267,-12.995426709417627,0.07800252709215494,-0.024627754424412136,5.355416170248845,-0.13361533158339314,1.104247482394983
1761334868.9535496,81.0,1.9240589959446333,3.95059581886854,0.019139127805829048,0.7472197377117267,-7.655594577969478,0.004777543937432238,-0.012002123272746358,-7.485117400386263,0.029026691603402877,0.24821191101930917
1761334869.0248854,82.0,1.973530685543111,3.9531596061148626,0.06078988313674927,0.747343746486848,-1.9260166266612462,-0.07744374671895704,0.006263409267486221,4.754464627680186,0.11921430455499345,1.0643080549988604
1761334869.0853887,83.0,2.013352444439946,3.9559884857956695,0.08541304618120193,0.747343746486848,3.803561324646986,-0.1240622342384019,0.01806232315293133,-2.7380680525292656,0.24503102860334014,0.5648058763182303
1761334869.158032,84.0,2.0531749770548364,3.959563973076488,0.09173266589641571,0.7433308455029214,9.533139275955218,-0.16084547982289177,0.030371090361292506,9.999997861761923,0.32728843619805315,1.409997369620383
1761334869.2237332,85.0,2.096270941049547,3.9629968591366738,0.08039405941963196,0.7433308455029214,15.262717227263451,-0.1693749975546619,0.037902204716398234,0.18121182652723533,0.3515821104720067,0.7554116339380704
1761334869.2878501,86.0,2.143464162075997,3.9651951135536425,0.04803096875548363,0.7467526664246416,20.144171082348247,-0.14405115549420344,0.03813621260177911,5.840683528045539,0.30478292599571866,1.1361315682943443
1761334869.353383,88.0,2.2002105343334453,3.965236992978402,-0.008427977561950684,0.7467526664246416,17.46277532720278,-0.07485976447146481,0.028498759236641524,-8.803251073956854,0.16934033515011465,0.15986926149418457
1761334869.422222,90.0,2.302588992725512,3.956833898211583,-0.13916851580142975,0.7467526664246416,11.733197375894548,-0.09015062751231584,0.007105828951799506,4.359024360415657,0.18640115310673672,1.037354290452352
1761334869.4868822,91.0,2.337606238682224,3.9508242176950006,-0.1761728972196579,0.7467526664246416,10.679999369387886,-0.15098442737979267,0.00651693527289291,-2.4564650314918666,0.31759265470552134,0.5829883309918504
1761334869.556239,92.0,2.380963716819086,3.9415442101758273,-0.2105211466550827,0.7433308455029214,16.40957732069612,-0.24598827548785662,0.015641225547885638,9.99999942838061,0.48858460352706573,1.4099974740616288
1761334869.624095,93.0,2.4195446133234606,3.9311107505680822,-0.2539091110229492,0.7433308455029214,22.139155272004352,-0.3493996954242853,0.027376834090767722,-2.783811556642446,0.4886921897218019,0.557743408393425
1761334869.6887374,94.0,2.4704025524458846,3.915055053773134,-0.31363019347190857,0.7433308455029214,27.868733223312585,-0.38931380944971883,0.031202549861950805,9.999999337715044,0.48869219055526536,1.4099974680172576
1761334869.7570481,95.0,2.5128504976672557,3.897921249616378,-0.38619253039360046,0.7467526664246416,27.999999999819696,-0.4189658249857158,0.03377736089975614,1.3743045003390666,0.488692181531489,0.838372966447246
1761334869.8216956,96.0,2.5665373910079987,3.871059186313572,-0.4799700975418091,0.7433308455029214,27.999999482795396,-0.428233702788134,0.038894792019637706,0.11985406741329063,0.4886921897306881,0.7513211166638074
1761334869.8941748,97.0,2.6108984650077467,3.8431726914386344,-0.5794680118560791,0.7433308455029214,27.9999999525749,-0.43439384537739567,0.0432916378886055,3.792118074553426,0.4886921751009068,0.9961387171398164
1761334869.955271,98.0,2.6456748259457763,3.8164411886021226,-0.6615487933158875,0.7433308455029214,27.999999114350175,-0.45998998263955393,0.04785054904019717,-4.401052577257777,0.4886921900680219,0.44992734035240295
1761334870.0235732,99.0,2.6796622964153234,3.7853808190064595,-0.7478062510490417,0.7433308455029214,27.999999971902703,-0.4834282621579473,0.05349400157035402,5.6796841429893385,0.48869219023375926,1.121976455035544
1761334870.091124,100.0,2.7054787889632377,3.7584345155139607,-0.8228935599327087,0.7467526664246416,27.99999998139875,-0.5206492925117687,0.058972069042095655,-2.0580867348445997,0.4886921902437055,0.6095468841016682
1761334870.155255,101.0,2.734090580002817,3.721785117187874,-0.9032217264175415,0.7467526664246416,27.99999998196863,-0.5540544176560225,0.06658814868274945,9.999997613493655,0.4886921905511981,1.4134191739908852
1761334870.2264903,102.0,2.7583926033968607,3.685784172924405,-0.9880847930908203,0.7368963635315027,27.99999999958666,-0.5832330102747076,0.073094902217668,-5.3922486266789065,0.488692190521641,0.3774131217529089
1761334870.288277,103.0,2.7829396669787676,3.641422457646393,-1.0734366178512573,0.7285340501581056,27.99999999789316,-0.6142008166294723,0.08329021721699095,5.382325411818163,0.4886921905473565,1.0873557442793165
1761334870.35883,104.0,2.805244206713535,3.5924846670356145,-1.177310585975647,0.7401941756781014,27.99999999936655,-0.5123504628129063,0.09588540571306522,-7.01249123570933,0.48869216949297467,0.2726947599641461
1761334870.4261007,105.0,2.820363499096844,3.54646839481181,-1.2696272134780884,0.7529218593608171,27.99999879303933,-0.4222427176482566,0.10201303871650473,4.896252447523841,0.4886921804781695,1.07933868919574
1761334870.4908473,106.0,2.832673418373142,3.5016389956856857,-1.364378809928894,0.7529218593608171,27.99999942244463,-0.3274911246603347,0.1032187667786914,-2.8499324114799265,0.48869218918483565,0.5629263652621553
1761334870.5617614,108.0,2.8408879124964233,3.424388999690778,-1.517300009727478,0.7430655564676782,27.999999921299857,-0.17162507367001822,0.09192893706290152,9.999998930577872,0.31922121012818283,1.4097321518395365
1761334870.6265662,109.0,2.840028287748267,3.381189149355447,-1.5931600332260132,0.7285623558807308,22.270421969991624,-0.045185584537979384,0.06950634921876998,1.9395936235953908,0.07258023333527064,0.8578685974537569
1761334870.6903324,110.0,2.834845727071675,3.3219706969132066,-1.6804791688919067,0.726758533253874,16.54084401868339,0.10344204934524281,0.03776686300817073,-2.105911798558531,-0.23058772863651988,0.5863644133499719
1761334870.755991,111.0,2.8270253437918735,3.2689875583688988,-1.7441233396530151,0.726758533253874,10.811266067375158,0.2397140911126474,0.003852219726526753,9.999999989827927,-0.48222055669773023,1.3934251992424023
1761334870.826237,112.0,2.8177537518056957,3.224070906121352,-1.7783912420272827,0.7285623558807308,-0.6478898352413065,0.3421944392929559,-0.025307088601662305,-5.046026934336902,-0.4886921903965988,0.3921605602582707
1761334870.8925674,113.0,2.804730573649525,3.164821745271154,-1.7997430562973022,0.7408833923858117,-6.377467786549539,0.3668144442781127,-0.04266384723062378,5.486191918982986,-0.48869219050125906,1.1066295203180108
1761334870.9583242,114.0,2.7940790830571722,3.118385107242805,-1.800391674041748,0.7536110760685275,-12.10704573785777,0.3685699803569755,-0.05481758708328497,-7.7428745098079235,-0.48869219052908097,0.2374194420813326
1761334871.023703,115.0,2.7834357695219243,3.067737962820997,-1.778123140335083,0.7425265145769943,-17.836623689166004,0.3430113445956109,-0.06247113807822967,4.677137647038577,-0.48869219054941276,1.0543356910462327
1761334871.0913126,116.0,2.7769694191979823,3.0320614418402605,-1.746889352798462,0.7536110760685275,-23.566201640474237,0.3120703799617077,-0.06640108901890107,-2.8318619900983633,-0.4886921849719449,0.5648202767286367
1761334871.1602733,117.0,2.772110402659419,2.992456381717388,-1.7000555992126465,0.7425265145769943,-27.999999679918997,0.26119538484493887,-0.06523967957454496,9.999999914078462,-0.4861373971860335,1.4091931755155582
1761334871.2281976,117.0,2.769624566412548,2.9574908929157018,-1.6413265466690063,0.731980994976145,-27.853621122234703,0.19985426663492634,-0.06013687004683612,1.6664478994950827,-0.3822831154749676,0.8430775216091505
1761334871.2957375,119.0,2.769825812533356,2.9072369634037067,-1.5620416402816772,0.7302054780719134,-22.12404317092647,0.08706305008478221,-0.04344997538449485,-0.8852619385923837,-0.1708724273289503,0.6711880154990878
1761334871.3648205,120.0,2.774913571035404,2.8489957652507547,-1.4568297863006592,0.7302054780719134,-16.394465219618237,-0.07381187790876842,-0.012006058694273848,7.512784544276046,0.15369786447443023,1.2310577810236498
1761334871.430632,121.0,2.7831350330019466,2.8002657995269007,-1.380349040031433,0.7425265145769943,-10.664887268310004,-0.2295431288505938,0.02540466269110632,-8.782752166156909,0.4550043136087661,0.15700970349986698
1761334871.4936519,122.0,2.7942141022292883,2.7537560262777134,-1.3307472467422485,0.7641919447678414,-4.935309317001772,-0.3638237692500583,0.06244694298626944,4.365173160701594,0.47858580894130165,1.0552034888146142
1761334871.5585194,123.0,2.80692427751682,2.700511627374657,-1.2919340133666992,0.7641919447678414,0.7942686343064604,-0.40982083318195306,0.08120566294997794,-4.011878446231193,0.4886921897651169,0.49673338168576187
1761334871.6279397,124.0,2.8189965694309227,2.661026283486396,-1.2750070095062256,0.7536110760685275,6.5238465856146926,-0.4275504450600103,0.09493893538606013,9.99999999999368,0.48869219055839025,1.4202777427347728
1761334871.6949997,126.0,2.8446798627425114,2.5725576475170384,-1.2934110164642334,0.7473577095067094,12.253424536922925,-0.4068275891167721,0.11809695850354653,9.999999999974861,0.4886921905540187,1.4140243761717002
1761334871.7634487,127.0,2.8593044060096986,2.5118824257932726,-1.333030343055725,0.7473577095067094,17.983002488231158,-0.36703278644969384,0.1283023040892039,-9.999999986798304,0.488692186768443,0.08069104372015579
1761334871.831467,128.0,2.8708223058748583,2.447339450289161,-1.394214153289795,0.7620097806859748,23.71258043953939,-0.30831197112887665,0.1338412459700112,4.000000003680647,0.4886921894102471,1.028676447598018
1761334871.8947372,130.0,2.876258430633442,2.4023167770554763,-1.4507122039794922,0.7852134366545804,27.999999934214983,-0.25596787269449717,0.13393299822661311,-5.1783657376505925,0.43870861913903847,0.4399890541445409
1761334871.9623227,131.0,2.8788915247706615,2.3577404447609944,-1.5244958400726318,0.7852134366545804,25.136152312679155,-0.16637129063638056,0.12360600409709495,5.446490278037104,0.32784279979878805,1.1483127885237208
1761334872.031979,131.0,2.8783535494776187,2.322920170640482,-1.5858957767486572,0.7620097806859748,19.40657436137092,-0.06931110592209233,0.10667656742651228,-2.6154028793587125,0.0957153474981661,0.5876495887287273
1761334872.095309,132.0,2.874048971996035,2.2713259813086064,-1.6709953546524048,0.7473577095067094,13.676996410062689,0.07665976175192224,0.07656134516864163,9.999999419727228,-0.1955546719653564,1.4140243374885246
1761334872.160746,133.0,2.8681424974037513,2.227942980556062,-1.7329679727554321,0.7579385782060233,7.9474184587544565,0.21065935957975324,0.04480354158987279,-1.6396499176413961,-0.44791404027955894,0.6486285836965968
1761334872.2264013,134.0,2.854913058901734,2.165607762010986,-1.7920790910720825,0.7384553120970427,2.2178405074462244,0.3360843423280597,0.009997637172548354,9.999999264221952,-0.4886921905531064,1.4051219297118394
1761334872.2983212,135.0,2.8432255606930994,2.1166902522190854,-1.8269225358963013,0.7579385782060233,-3.5117374438620077,0.3859435615246323,-0.009689342130619562,-8.708321970739423,-0.48869219055838176,0.1773837801567284
1761334872.36313,137.0,2.8272417920024426,2.057648150642119,-1.841111660003662,0.7579385782060233,-9.24131539517024,0.39922097298718295,-0.027135179601242513,4.387499245692365,-0.48869219030200217,1.0504385279188475
1761334872.4289181,138.0,2.814242208283773,2.0034545517331104,-1.8382045030593872,0.7852134366545804,-14.970893346478473,0.40084792936888913,-0.041946406473783206,-5.993679935951826,-0.4886921834754654,0.3856347742577921
1761334872.499553,139.0,2.8038388355242194,1.9604514094399887,-1.8127336502075195,0.803620472209752,-20.700471297786706,0.37854312345460084,-0.050716087283638286,5.201853351011982,-0.48869211514102123,1.1504106956105509
1761334872.5615256,140.0,2.7951957184057052,1.9182346266971284,-1.7681009769439697,0.7909976849404602,-26.43004924909494,0.33186219849227605,-0.052871525052518235,-2.937357710028799,-0.48869219055520413,0.5951738376052069
1761334872.632605,140.0,2.790001388805912,1.8806244632528641,-1.713735818862915,0.767815289526752,-27.999999999816186,0.2734737616245786,-0.049782466174126,9.999999724252842,-0.4886912009824844,1.4344819378102747
1761334872.6983066,141.0,2.7865841533969613,1.8346933071645362,-1.6337769031524658,0.7531632183474867,-27.999943301475827,0.1912850687466081,-0.042524441898254176,0.9519295863968864,-0.39254210635222786,0.8166251907739458
1761334872.7683825,144.0,2.7926704989317446,1.7285440379689465,-1.4534657001495361,0.7423666116413372,-22.49100597515816,-0.01941437582132144,-0.006959044119046007,2.212071132289621,-0.01166137087205188,0.8898380204606453
1761334872.8289874,146.0,2.8019419337970186,1.676161739160693,-1.3726627826690674,0.7423666116413372,-16.761428023849927,-0.09464355290136117,0.033881231343166535,-1.6733977379376612,0.17939752624568397,0.6308067624454932
1761334872.8955538,147.0,2.8133684174731233,1.6290720759413366,-1.3200879096984863,0.7531632183474867,-11.031850072541694,-0.1425085948116509,0.058840242104624074,9.99954580299761,0.26837138428488105,1.4197996052139938
1761334872.9670568,148.0,2.826042738594579,1.5851986539713843,-1.2874244451522827,0.7862223250819236,0.4273058300747703,-0.14865959693693487,0.07549337034280026,-9.81561280813613,0.2751304867377954,0.13184813787284821
1761334873.0349956,149.0,2.8437725552774054,1.5245895339498987,-1.2625689506530762,0.7919774253467156,6.156883781383002,-0.12302285488600573,0.08320985603582584,4.0552975183099695,0.25043661249118354,1.062330593234047
1761334873.0964415,150.0,2.857097996362943,1.4815548510038776,-1.2540674209594727,0.7919774253467156,11.886461732691235,-0.07139935459158409,0.08315236362204334,-5.913058029894654,0.11982528222399913,0.3977735566870719
1761334873.1645422,151.0,2.870451493131842,1.4361873792282065,-1.272624135017395,0.7687950299330074,6.865482950399117,0.03673749933764059,0.0692328026251255,5.226082474514574,-0.03415825928049517,1.117200528233979
1761334873.2306917,152.0,2.8796549678336434,1.4033980474235062,-1.2995634078979492,0.7809897065436684,1.1359049990908847,0.15665481574121864,0.0518059127288301,-3.022299148001374,-0.3463104452608509,0.5795030966769101
1761334873.2977698,153.0,2.8911846259274534,1.359255571866366,-1.3187905550003052,0.7809897065436684,-4.593672952217347,0.3135997687183938,0.021377265448137027,9.999999153946067,-0.48869219037995804,1.4476563168067396
1761334873.3676963,153.0,2.9021499287293,1.3188214441993076,-1.3243521451950073,0.78713209602711,-10.32325090352558,0.3637812630287849,0.0019328965529840187,0.620692013916992,-0.4886921855118949,0.8285115636215761
1761334873.435145,155.0,2.9174658533099396,1.2628675360917496,-1.3105255365371704,0.7806925196812408,-16.052828854833812,0.45888303405894915,-0.011064623767815902,2.809105461916523,-0.4886921905532357,0.9679662171423423
1761334873.4969032,156.0,2.935552258910017,1.2032308650659087,-1.2720569372177124,0.78713209602711,-21.782406806142045,0.47713630363612136,-0.0259854372040767,-3.9682708815648478,-0.4886921905437055,0.5225807039227868
1761334873.5662036,157.0,2.953877072253565,1.1528044773469015,-1.2127420902252197,0.78713209602711,-27.51198475745028,0.4738132254774632,-0.03605083002242599,9.999997656050011,-0.48869219042546047,1.453798606430444
1761334873.6350446,158.0,2.972228534577237,1.1115625384152832,-1.1438707113265991,0.7806925196812408,-27.999999992382424,0.460203516965346,-0.04124367016157668,9.999999902690236,-0.4886921879559218,1.4473591798605898
1761334873.70054,159.0,2.994523525855196,1.071674330284117,-1.0737121105194092,0.7687950299330074,-27.99999985088828,0.4447468549402811,-0.044302683208009334,-9.999999999996897,-0.4886921905584028,0.10212836326654762
1761334873.7666335,162.0,3.0679436377432285,0.9688034939280249,-0.8480634093284607,0.7806925196812408,-27.999999999999456,0.3937883859167277,-0.05184400013259309,3.9999999994628532,-0.488692190552702,1.0473591863120977
1761334873.8334665,162.0,3.095080966942083,0.9401171932179029,-0.7459278106689453,0.78713209602711,-27.999999999672827,0.2927703754628803,-0.04890817889493446,-5.107450692737212,-0.4886921904665771,0.44663538317796253
1761334873.899419,163.0,3.1307973825785007,0.911460060484261,-0.6565907597541809,0.78713209602711,-27.999999994738232,0.2617501513401064,-0.04445268371544749,5.467764791316297,-0.4886899519731513,1.1516497487815298
1761334873.9673052,164.0,3.1631238045456875,0.889966127069343,-0.5838241577148438,0.78713209602711,-27.999871738512468,0.24768712821098315,-0.03954047631016368,-2.6385589364330357,-0.4738252462509659,0.6112281669315742
1761334874.0347612,165.0,3.209260314447595,0.8647585874515196,-0.48475924134254456,0.78713209602711,-27.148186836927277,0.20285338053942814,-0.03008162581292749,9.999999453008883,-0.39777570104246035,1.4537987262277021
1761334874.100624,166.0,3.2484850198546136,0.8475261880831383,-0.405293345451355,0.78713209602711,-22.790868862590557,0.15907251447745185,-0.01680842078682293,-3.4486834922346805,-0.3161550228511387,0.5572198632114647
1761334874.1674726,168.0,3.3047524312019654,0.8281544768905281,-0.3064287602901459,0.7806925196812408,-18.114348481232348,0.15573613857425173,-0.00039340579587479797,9.999999684567525,-0.31235768528510555,1.4473591653190758
1761334874.2339811,169.0,3.349872946770862,0.8154415319340164,-0.226199209690094,0.7806925196812408,-17.896777065312165,0.1350786031369462,0.007963269164740721,9.999999923810586,-0.27602202914835056,1.447359181268613
1761334874.301172,170.0,3.406841471267732,0.8058356541176841,-0.15718840062618256,0.78368038416878,-15.814897322837476,0.11726305408378712,0.018669076024391867,-9.999991386467931,-0.2431295415085743,0.11701429173758471
1761334874.3729227,172.0,3.47964269817853,0.798971625726324,-0.0691416934132576,0.78368038416878,-13.930296603392069,0.1434295797073668,0.030451684359152433,4.000002476776335,-0.2831900633988869,1.050347215953869
1761334874.433752,173.0,3.5389935100488903,0.7938085463724661,-0.0007544321706518531,0.78713209602711,-16.22559543279843,0.08636293414774165,0.031188005814671297,-5.424793623898414,-0.18846516447042333,0.4254791877672157
1761334874.5026102,174.0,3.589881072846617,0.7953742366276919,0.04876016080379486,0.7914618502928841,-10.798258509394172,0.011353275322504963,0.045070964772143375,5.372561881946828,-0.08527292387572612,1.1496326424226726
1761334874.5689855,175.0,3.633354781102983,0.7990307691704206,0.09678860753774643,0.8085445755481695,-5.06868055808594,-0.06338772399136783,0.06160916236019576,-2.915242961663864,0.10655784816543966,0.6141950447705785
1761334874.6366992,176.0,3.675728732771925,0.8042142009653896,0.12698419392108917,0.8085445755481695,0.6608973932222924,-0.1427185740580672,0.08302991789428325,9.999515599143713,0.2559835199245894,1.475178948824417
1761334874.698483,177.0,3.726345973753222,0.8111794855713642,0.1431264579296112,0.8085445755481695,6.3904753445305245,-0.19863493613623984,0.10140430774066904,-2.507393081251781,0.3525228399512679,0.6413850367980508
1761334874.7616804,179.0,3.8375840176122606,0.8261093567101907,0.12586812674999237,0.8085445755481695,12.120053295838757,-0.20900567575325724,0.1190944027951728,9.998975566834064,0.3616946807762586,1.4751429466704404
1761334874.8273427,181.0,3.8910157810357187,0.8306556210033434,0.08097343891859055,0.8085445755481695,17.849631247146988,-0.16881229789686047,0.11762755291024111,-5.944159368129261,0.2860476245286012,0.41226728433955206
1761334874.8960268,182.0,3.955207033246754,0.8328823970492202,0.016273759305477142,0.8224725488748924,16.389321625231695,-0.08506845989396572,0.1054466939069559,5.216752176913869,0.17428111860002585,1.170256027335817
1761334874.9617388,183.0,4.001697171918376,0.83181722485567,-0.030522892251610756,0.8247502217043878,10.659743673923462,-0.009142361913825336,0.08971022512246808,-8.398222750748204,-0.02278176594949058,0.2648687049878409
1761334875.029462,184.0,4.056304025716785,0.8293311041001801,-0.06528919190168381,0.8224725488748924,4.93016572261523,0.07612506006968678,0.06874878048410829,4.4805312278507605,-0.13835793251887685,1.1211746307316097
1761334875.093812,185.0,4.091654178810348,0.8269463487925339,-0.0758805125951767,0.8224725488748924,-0.7994122286930025,0.11438514703962888,0.05706753912185332,-3.310377398946722,-0.25763627529641153,0.6017807222784443
1761334875.1612248,186.0,4.14050693917944,0.8235430075518766,-0.07085993885993958,0.8224725488748924,-6.528990180001235,0.13919207119611343,0.04627180965373274,9.999999999917739,-0.3065450930407638,1.489139215536075
1761334875.229241,187.0,4.182823027968332,0.821336900066737,-0.05114087462425232,0.8224725488748924,-17.56374006168091,0.13075452555910871,0.043524293801893585,1.5675684529196676,-0.29364334347517274,0.9269771124028703
1761334875.2945857,188.0,4.2476489885443085,0.8204635157554462,-0.00563708133995533,0.8224725488748924,-16.824524263237798,0.07907266259304224,0.05030266667693538,-2.840313166182969,-0.197011905401707,0.6331183377960279
1761334875.3655007,190.0,4.305842242997692,0.823139436476618,0.06227201595902443,0.8247502217043878,-11.287950693348435,-0.01933090333342724,0.06976257973139707,9.999999934885004,-0.00236342531100292,1.4914168840300548
1761334875.4294546,191.0,4.34931448346613,0.8277381477777155,0.11157849431037903,0.8529527693039212,-5.558372742040203,-0.12237887737029274,0.09552424964436515,-4.506945398537049,0.20990571679162698,0.5524897427347846
1761334875.4970548,192.0,4.41462793944526,0.8377046344272147,0.16470523178577423,0.8247502217043878,0.17120520926802918,-0.23361000398137088,0.12709701206885635,9.999999857279303,0.4227991386615664,1.4914168788563413
1761334875.5652788,193.0,4.468546686198965,0.8471539315462678,0.1909918189048767,0.8529527693039212,5.900783160576261,-0.3273323030954036,0.15715370009951085,9.99999986550499,0.42659774197425715,1.5196194270042538
1761334875.6310835,194.0,4.529171089714575,0.8591820520539655,0.19545379281044006,0.8529527693039212,11.630361111884493,-0.3320196587263631,0.1706755997530268,9.99999999996715,0.48869219055838115,1.5196194359683979
1761334875.699788,196.0,4.607191482088432,0.8728698148784763,0.17158769071102142,0.8529527693039212,17.359939063192726,-0.3280259797804197,0.1865167722390905,-9.999999980733916,0.4886921903826291,0.18628610392166012
1761334875.76584,200.0,4.766401743352927,0.89029511003158,0.05208436772227287,0.8809256263414638,23.08951701450096,-0.09651832982732911,0.1856645979290286,4.0000000029314,0.33301422582197054,1.1475922932035572
1761334875.8306844,202.0,4.820565948979716,0.8901989233079336,-0.005604066886007786,0.8891847455772557,19.08030965741543,0.1305563179558078,0.15569026875375888,-8.712831925603055,-0.2764324781441883,0.3083292838703854
1761334875.905522,202.0,4.87082542115159,0.8879306751326957,-0.07503043115139008,0.8891847455772557,13.350731706107197,0.3827091001062768,0.08855784633747824,4.386150422284313,-0.42501427683110904,1.1815947737295431
1761334875.9661589,203.0,4.906863573612808,0.8842374209262093,-0.11689407378435135,0.8891847455772557,7.621153754798965,0.5320514308657143,0.05995169399145215,-3.8248749472471033,-0.48869218743668097,0.6341930824274489
1761334876.0308032,204.0,4.958964468909103,0.8770827152916467,-0.14292940497398376,0.8891847455772557,1.891575803490733,0.6395120913573642,0.03005162612145045,9.999999483155841,-0.4886921905446358,1.5558513777876453
1761334876.1067586,205.0,5.007699586846783,0.8699474061100371,-0.14771538972854614,0.8809256263414638,-9.567580099125731,0.7013382348999273,0.006716538662470012,4.002298551179043,-0.48869219055625857,1.1477455297534
1761334876.1734273,206.0,5.077299941817471,0.8607629438520954,-0.12906315922737122,0.8707060121651944,-15.297158050433964,0.7393939052408167,-0.026852485486108246,-9.999999978957929,-0.4886921905558601,0.20403934690133252
1761334876.2382069,207.0,5.141803033436639,0.8546487128609177,-0.09080728143453598,0.8707060121651944,-21.026736001742197,0.7596275885287689,-0.058781037529464064,4.000895910741291,-0.48869214223175445,1.1374324062146137
1761334876.2984207,208.0,5.186611301580723,0.8522607921808676,-0.05390659347176552,0.8891847455772557,-26.75631395305043,0.7844313544911521,-0.08289306107560566,-2.306605815590376,-0.48869219045652174,0.7354110245378973
1761334876.369431,209.0,5.235924146032279,0.8521934942397937,0.002017239574342966,0.878389338333121,-27.999999994162103,0.7851395916499557,-0.10371771618881137,9.989869792819636,-0.48869217648003754,1.5443806578544301
1761334876.4335344,210.0,5.279290806723416,0.8556544036028695,0.08096195012331009,0.878389338333121,-27.999999193368545,0.7647083981090952,-0.11914838195969199,3.4046135332538614,-0.48869218126864855,1.1053635738833785
1761334876.5000188,211.0,5.3436194562991295,0.8665508836076001,0.18415869772434235,0.878389338333121,-27.999999467735748,0.7200331614396664,-0.1418682266815947,-8.245712295080162,-0.4886921905583956,0.32867518532777695
1761334876.5664954,212.0,5.405155084989889,0.8838725246341869,0.304692804813385,0.9108593053600634,-27.999999999999044,0.6636637749944576,-0.16332267925875743,4.526279389514995,-0.48869218933258585,1.2126112646610632
1761334876.638376,213.0,5.445138073317593,0.8976566593982056,0.4040854871273041,0.9108593053600634,-27.99999992976532,0.6228086350330444,-0.17218729024664958,-0.09298252275080504,-0.48869219003149134,0.9046604705100098
1761334876.708535,214.0,5.485472093341602,0.919282801761702,0.4907941222190857,0.878389338333121,-27.999999969809654,0.5890104282321427,-0.17576486700264737,2.4952555222699195,-0.48869207383232766,1.044739706484449
1761334876.7673326,214.0,5.526954452300735,0.9459397173702204,0.5853075385093689,0.854261299510159,-27.999993312087994,0.49030955025105527,-0.179400190912479,-3.357978516799897,-0.4886921905581202,0.6303960650568325
1761334876.8410099,215.0,5.5684434626651615,0.9788422756019358,0.684077799320221,0.8512577095326359,-27.999999999983267,0.44957157513725443,-0.1835368026220159,9.999845711594494,-0.48869202439578047,1.5179140903056023
1761334876.9016562,217.0,5.6376743536694365,1.0514803099803325,0.8637059926986694,0.8417634698981873,-27.999990479582486,0.38542671231010495,-0.18591450343979532,7.89078208581875,-0.48869206429088974,1.3678156089527707
1761334876.9695702,218.0,5.6778557165789545,1.1084370051273542,0.9809510111808777,0.8296021539537125,-27.99999276540387,0.3246486501901815,-0.18383795816475165,-9.999991359077743,-0.4886754798686171,0.16293606334852961
1761334877.0398433,220.0,5.7089380752917736,1.1631225153983673,1.1122709512710571,0.8296021539537125,-27.999042548001984,0.31050210512951626,-0.17772875349686235,4.00000251665287,-0.48868717145946206,1.0962689883972372
1761334877.1080074,220.0,5.728275544493171,1.1987863323230379,1.2172237634658813,0.8296021539537125,-27.999712426813193,0.2055533538016192,-0.17224901777143461,-3.945045881374802,-0.3483952902176244,0.5665990951953923
1761334877.174318,221.0,5.741943595052835,1.2450340992554987,1.3058182001113892,0.823004778314314,-22.27013447550496,0.1291537866339545,-0.1518530419107996,9.999996344200152,-0.2008321494205187,1.4896712012609907
1761334877.238382,222.0,5.752193074513796,1.2880096291099066,1.3759523630142212,0.8198259123891436,-16.540556524196727,0.07453558304359342,-0.1337847826685363,9.999996554949702,-0.19472150372448405,1.4864923493857902
1761334877.3091757,223.0,5.761798072935429,1.3551926560875631,1.4479970932006836,0.8198259123891436,-11.156720343853877,0.05940761808706352,-0.12422463946208409,6.728158823942855,-0.15091378757243692,1.268369833985334
1761334877.3768847,225.0,5.768257306136433,1.4350218235867904,1.5074018239974976,0.8198259123891436,-8.646723098234489,0.10518016892510529,-0.11544267626981393,-9.999999974373083,-0.17198901624579746,0.15315924743093812
1761334877.4473765,226.0,5.770368351269302,1.5113447019746065,1.5629817247390747,0.8351660942587886,-9.854244753491145,0.0562593889659424,-0.11157470985066799,4.000000007685481,-0.10746932654197082,1.1018327614378207
1761334877.506971,228.0,5.771208332136991,1.5628085141900283,1.593940019607544,0.8351660942587886,-6.157538837968206,0.007358636799181362,-0.10362853591331872,-3.9455738408219077,0.024488170454609562,0.5721278382039947
1761334877.573294,229.0,5.768647058491164,1.6138680407402657,1.625952959060669,0.8351660942587886,-0.42796088665997356,-0.06067404439638002,-0.08757099464661233,9.999999999460583,0.16006908355637128,1.5018327608894941
1761334877.6391652,230.0,5.765656145754347,1.659408580600367,1.6445062160491943,0.8499214081489106,5.3016170646482585,-0.11729638098958262,-0.07238536149111634,9.999998390618098,0.21344134042488713,1.5165879675234504
1761334877.7106967,231.0,5.7611305090188045,1.7187832766835793,1.6491193771362305,0.8499214081489106,11.031195015956492,-0.13722890644568642,-0.06352262577080163,-9.999992795311178,0.30391865933277173,0.1832552217948321
1761334877.7727883,232.0,5.756596420138956,1.7943190121664974,1.6288772821426392,0.8525671235822884,16.760772967264725,-0.14414091256076578,-0.055370646569247034,4.000001391867097,0.3105660802271793,1.1192338830400947
1761334877.8397658,234.0,5.754539260342337,1.865830927245077,1.5954458713531494,0.8525671235822884,17.7941256569387,-0.11282353218735786,-0.0576669094667924,-6.480184752496496,0.25441959281039844,0.42055480674918866
1761334877.9054735,235.0,5.755285987271206,1.9206724209803872,1.553396463394165,0.8623229923724457,14.577168893472773,-0.0547300259525505,-0.06844599036343958,5.0559389819906935,0.1757969334234853,1.1993855911718252
1761334878.0125387,237.0,5.763219820818924,2.014041652595284,1.456986427307129,0.8623229923724457,10.072422336508026,0.06466110389708435,-0.09631036133555106,-3.389731546853473,-0.09115231146392655,0.6363408892488809
1761334878.0442545,237.0,5.763219820818924,2.014041652595284,1.456986427307129,0.8623229923724457,4.342844385199794,0.1403846275530709,-0.11511038970578157,9.999999903488586,-0.24490395120147004,1.5289896526050182
1761334878.1044815,239.0,5.77630562956966,2.1026186353670555,1.3984253406524658,0.8623229923724457,-1.386733566108438,0.24324842040388006,-0.14740953862155945,-0.8897240125101771,-0.43468137407451235,0.8030080582051006
1761334878.1710582,240.0,5.789393942665203,2.1708456542874024,1.3743140697479248,0.8868142156593053,-7.11631151741667,0.3312702161353638,-0.17925337977797753,7.386865554875817,-0.48869219055838503,1.379271919317693
1761334878.2460368,241.0,5.801384252514009,2.232997063593026,1.3772584199905396,0.9169089522216711,-12.845889468724902,0.35294891424949526,-0.19725084323062617,-9.999999994030736,-0.48869219055647356,0.2502422859529554
1761334878.3095124,243.0,5.8116086504085605,2.2938188556170056,1.4047988653182983,0.9518707597558991,-18.575467420033135,0.3313372103450991,-0.2059874437666011,3.9999620845699733,-0.4886895323194928,1.2185348987272306
1761334878.371688,244.0,5.8186236835441205,2.352369288246451,1.447006344795227,0.949509602645293,-24.305045371341368,0.2886920733083045,-0.20655961780268575,-6.100276979520619,-0.4885106504010871,0.5428244706772518
1761334878.4408693,245.0,5.822241539823049,2.401638532253275,1.5002925395965576,0.949509602645293,-27.989598515173128,0.23533644187502167,-0.20208004252685985,5.1699154728096905,-0.4271396211352042,1.2941706341659391
1761334878.5055652,247.0,5.818703392989266,2.4967374677756267,1.6557294130325317,0.949509602645293,-24.473297553864178,0.05633732414845616,-0.16868878052869782,-4.903447859468572,-0.08551613304775835,0.6226130786807216
1761334878.5753982,248.0,5.810171461796225,2.551278851990974,1.7500802278518677,0.949509602645293,-18.743719602555945,-0.15331183476592392,-0.11695107408405371,9.999999999997556,0.36128151116608764,1.6161762693117967
1761334878.647809,249.0,5.796570225463954,2.6047177508343213,1.8237357139587402,0.9169089522216711,-13.014141651247712,-0.36710910444042666,-0.060231145044987576,9.99999993440653,0.48869218844150303,1.5835756145154398
1761334878.716611,251.0,5.772042696432427,2.6838341631520293,1.894189715385437,0.8868142156593053,-7.28456369993948,-0.47840796475937175,-0.019169766191179067,-9.9999986134884,0.4886921875307458,0.22014764142674537
1761334878.7842839,252.0,5.746317896948613,2.7602752839964855,1.9370455741882324,0.8868142156593053,-1.554985748631248,-0.5208034369477672,0.011977043420553064,4.00000041475057,0.4886921896273415,1.15348090997601
1761334878.849083,253.0,5.724444129993676,2.819400878677361,1.9648756980895996,0.9008372963412437,4.174592202676984,-0.5502912142174496,0.038678427528435116,-7.224696091909022,0.48869219055836727,0.4191908902139755
1761334878.9085803,255.0,5.704239791160363,2.8718303768359106,1.9640353918075562,0.942767601479271,9.904170153985216,-0.5542289266660569,0.0629848941397918,4.832591168531115,0.48869219054554797,1.264940346048012
1761334878.9747818,256.0,5.688226402822403,2.9132360703377462,1.9401875734329224,0.942767601479271,15.63374810529345,-0.5286582956337753,0.07579316154143018,-3.9435777803310135,0.4886921886575359,0.67986241612387
1761334879.0446415,257.0,5.671458905456374,2.964694618540186,1.8852647542953491,0.9385143746057165,27.092904007909915,-0.47016086257141465,0.08459714933491382,9.999997817830295,0.4886921904523842,1.605180895794403
1761334879.1090834,258.0,5.660112644653659,3.007926392539072,1.8190813064575195,0.8965840694676892,27.99999999392504,-0.3945446319321113,0.08310870028505471,0.830112692105148,0.4886920995492785,0.9519249156080324
1761334879.1756337,259.0,5.648887915463064,3.07206666981379,1.7266873121261597,0.8668948675519961,27.999994785560737,-0.2955230683089849,0.07902116628173103,-0.47331212090002706,0.4886918035355136,0.835340726158661
1761334879.2483876,261.0,5.644899584732808,3.1300885503952336,1.616902470588684,0.8927363772408076,27.999977825221332,-0.1893152485493359,0.06832623903683918,3.3184751455062464,0.36503246225143227,1.1139680536078906
1761334879.3160305,262.0,5.646469459996786,3.1769745403699887,1.5264716148376465,0.9228764007158656,22.2703998739131,-0.05963412645477062,0.043268923617681164,-6.610294693190967,0.12222082482299904,0.48219008783646783
1761334879.3815758,263.0,5.653240866316452,3.231380809272896,1.4271355867385864,0.9228764007158656,16.540821922604867,0.11656991657853766,0.0011904451846631776,5.016911592034585,-0.13033555254916815,1.2573371735181713
1761334879.4432223,264.0,5.662057071102169,3.2772193704641817,1.3484247922897339,0.9032746726157974,10.811243971296634,0.27092708671483523,-0.03790981157686859,-3.3940560408523,-0.4886921866511875,0.6770042698923108
1761334879.5117846,264.0,5.676006758936118,3.3268948200505273,1.2878589630126953,0.8625621537291193,5.081666019988401,0.4425447810920673,-0.08342304541157418,9.999999956024213,-0.48869219055832197,1.529228817464067
1761334879.5855772,266.0,5.692811175763186,3.379113464869708,1.247941493988037,0.8625621537291193,-0.6479119313198307,0.4801294449405127,-0.10568016650526404,-0.7805011575530258,-0.4886921905562073,0.8105287432255842
1761334879.6492264,267.0,5.713543617223265,3.437232553300373,1.219994068145752,0.8625621537291193,-6.377489882628063,0.5058987978526521,-0.13023804447821621,7.505935944494405,-0.4886921905578734,1.3629578833620797
1761334879.7094436,269.0,5.756954563815474,3.5605532191305853,1.2426395416259766,0.866127016559898,-12.107067833936295,0.47998041891196275,-0.17165682241604624,-9.999999908034821,-0.4886921904993479,0.19946035602424328
1761334879.7894652,271.0,5.773341167073019,3.6189859404586473,1.291608214378357,0.8766653119348877,-17.836645785244528,0.42956813344628086,-0.1828084060569045,4.000000027585323,-0.4886921905402002,1.143331980440576
1761334879.846578,271.0,5.781815156027609,3.6543967717572134,1.3373316526412964,0.9032746726157974,-23.56622373655276,0.38846274863986485,-0.18734703323614266,-5.388414335351849,-0.4886921905463099,0.5440470502590075
1761334879.9137626,273.0,5.789515397136998,3.6993001458212627,1.4067885875701904,0.9032746726157974,-27.999999999306585,0.3163524533464601,-0.1852815794041805,5.383475698999037,-0.4886921905512353,1.2621730525490666
1761334879.9795883,273.0,5.793142841030627,3.7389325815780974,1.4803568124771118,0.9032746726157974,-27.99999999958879,0.24278422844140124,-0.17821594176276168,-4.463347584152736,-0.42141372107552655,0.6057181670056151
1761334880.0533025,275.0,5.794263873923449,3.793456346706085,1.5773329734802246,0.8766653119348877,-24.14522764653094,0.1152800822828346,-0.15817037856871555,9.99999742798371,-0.19414149228141533,1.5433318071338018
1761334880.1160493,276.0,5.790947791107641,3.8370806833606603,1.6515382528305054,0.8666663712504472,-18.415649695222708,-0.03236028588368178,-0.12613317242780284,9.99999996861391,0.10947632304101881,1.533333035824708
1761334880.1793704,277.0,5.780705974901616,3.9027968378075846,1.7450776100158691,0.8616781587613493,-12.686071743914475,-0.21306294188948094,-0.08051027517718128,-9.999991593834267,0.46942365824068455,0.19501205250573161
1761334880.248486,278.0,5.763446457738596,3.9785357102140004,1.841931939125061,0.8616781587613493,-6.956493792606243,-0.42214098470215555,-0.024221239123166403,4.00000232030324,0.4829116305493301,1.1283449801148988
1761334880.3129299,279.0,5.7527168347487825,4.033417402187226,1.9283173084259033,0.8666663712504472,-1.2269158412980108,-0.514503288757278,-0.0009016263220120199,-6.786605531684399,0.4886921895002511,0.4142260024714873
1761334880.3791618,280.0,5.736274001685443,4.085593221767366,1.9773542881011963,0.8708914208997317,4.502662110010221,-0.5665303231898542,0.022633958112959842,4.964018340340483,0.4886921902402963,1.2018259769224306
1761334880.4549978,281.0,5.719079357376654,4.125740695106653,1.9954814910888672,0.8773773575989852,10.232240061318453,-0.5857940085368005,0.04297569896765406,-3.417442319753042,0.48869218364423267,0.6495478696154491
1761334880.5189137,282.0,5.698823273682621,4.171946573518603,1.9867146015167236,0.8708914208997317,15.961818012626686,-0.5757577161122924,0.06193157750415174,9.999999872461483,0.4886921905571082,1.5375580790638306
1761334880.5803971,283.0,5.680244586357224,4.217707943737929,1.9538724422454834,0.8666663712504472,21.69139596393492,-0.5418835636907655,0.07662714131766463,-0.7467552979992309,0.4886921905577797,0.8168826847171652
1761334880.6471796,284.0,5.661677177727575,4.270997667317337,1.903239369392395,0.8666663712504472,27.420973915243152,-0.4907970187004693,0.08954397719669331,7.211485648062476,0.48869219055810353,1.347432081121279
1761334880.7159095,285.0,5.646175725138591,4.326677892807067,1.8279541730880737,0.8708914208997317,27.99999999998231,-0.4156368737922467,0.0963792952642783,-9.996318641817,0.4886915531394898,0.2044701781119317
1761334880.7849221,287.0,5.636298420363795,4.384608106974781,1.7245560884475708,0.8773773575989852,27.99996347858596,-0.31168333806556525,0.09338108370903746,4.001104119968589,0.48869192572655235,1.1441176322635578
1761334880.8461173,289.0,5.630517340663871,4.479322354985477,1.538001298904419,0.8773773575989852,27.999984826252145,-0.12282854214612327,0.07320945826310289,-4.962489865704257,0.24865857955692552,0.546544699885368
1761334880.9147136,290.0,5.6354268856276875,4.52611151614297,1.448911428451538,0.8723926892808841,22.270406874943912,0.04761064985170638,0.03623081803231303,9.999980361078059,-0.0994795461832543,1.5390580466860881
1761334880.98359,291.0,5.644778925589941,4.5734607871552075,1.3784985542297363,0.8681676396315996,16.54082892363568,0.22014497619437767,-0.008069707121897758,9.999981978175072,-0.12983767632473028,1.534833104843271
1761334881.0489163,292.0,5.663214709303591,4.646156266238996,1.2990070581436157,0.8453566189966149,10.811250972327446,0.3090734830901054,-0.03857314085582818,4.604127882851547,-0.4886921905557773,1.1522984778533847
1761334881.1184294,294.0,5.687689454603532,4.723648400616234,1.2403779029846191,0.8453566189966149,5.081673021019214,0.47838618194448124,-0.09475534204632446,-9.999999974633969,-0.4886921905583462,0.17868995402101695
1761334881.1835003,295.0,5.710417534207941,4.790900835827209,1.2102906703948975,0.8681676396315996,-0.6479049302890179,0.512432266219526,-0.12337139275293382,4.000000007238534,-0.4886921904251258,1.134834306780835
1761334881.248141,296.0,5.725825453037708,4.8336442455172675,1.2017420530319214,0.8723926892808841,-6.37748288159725,0.5217141407251127,-0.14028067747298223,-2.7072650417026223,-0.48869219030579364,0.691908353167376
1761334881.3212144,298.0,5.743296465688877,4.883980614195818,1.2218496799468994,0.8723926892808841,-17.836638784213715,0.5017557637970658,-0.15537536008164338,9.999567706961663,-0.4886921876774164,1.5390305364116617
1761334881.388857,299.0,5.758046362064924,4.92978823588825,1.260667324066162,0.8723926892808841,-23.566216735521948,0.4629707820631208,-0.1653771648663533,-7.548569701799181,-0.4886921467182806,0.36915470916093873
1761334881.4502745,300.0,5.77279571761978,4.985949069498714,1.317314863204956,0.8723926892808841,-27.999997488145482,0.4063278771262233,-0.17297302685103721,4.735427689395701,-0.48869217726669967,1.188087868573931
1761334881.5250518,301.0,5.781956589955215,5.034015325864136,1.3934301137924194,0.8723926892808841,-27.999999238440967,0.3301892726758715,-0.17212428563955368,-8.237580894410693,-0.4886921905583813,0.3232206296535046
1761334881.5855181,302.0,5.787155729731263,5.090670254120562,1.4965513944625854,0.8590574874809078,-27.999999999998227,0.22470241314711004,-0.16246419843626167,4.528725730587145,-0.4235408266054725,1.1609725361867174
1761334881.6592972,303.0,5.788790216671532,5.133006563106005,1.5860556364059448,0.8413256340899444,-24.26710181597578,0.10983031121163433,-0.1457584557439016,-3.390409941018807,-0.18875520827811804,0.6152983046886906
1761334881.723393,304.0,5.78420159416441,5.1803205389074165,1.6703295707702637,0.8316665205310381,-18.53752386466755,-0.046495672889010464,-0.11197043386986039,9.999919455553638,0.13285409337929927,1.4983278175679473
1761334881.7856812,305.0,5.775992101289467,5.229940976705431,1.7566885948181152,0.8316665205310381,-12.807945913359315,-0.22112364685724817,-0.06998199050827933,1.9651383447148518,0.48077943043164345,0.9626757435120282
1761334881.8494654,306.0,5.761693723252584,5.286046654645276,1.8277827501296997,0.8413256340899444,-7.078367962051083,-0.3993396984387694,-0.021837155861707862,-5.197307621876289,0.48869218765090144,0.49483845929819187
1761334881.9172819,308.0,5.741758209017474,5.351323830016226,1.886137843132019,0.8413256340899444,-1.3487900107428512,-0.4609435397313182,0.005800686365954872,5.440807712428207,0.4886921896778946,1.204046148251825
1761334881.985375,308.0,5.72568161042081,5.3988025264523545,1.9151850938796997,0.8225438370456825,4.380787940565381,-0.4867312111024402,0.02354714662471656,-1.0921153622960649,0.4886921846226156,0.7497361462259448
1761334882.0513341,311.0,5.690014633230377,5.49975086992454,1.905828595161438,0.797415641155897,10.110365891873613,-0.4735518240850074,0.055758520544873846,9.831072600576285,0.48869219042064305,1.452820481194316
1761334882.1192818,312.0,5.673138719793764,5.553404573239589,1.872611403465271,0.797415641155897,15.839943843181846,-0.4404115243163327,0.06884720293716665,-9.999999999868042,0.48869219055836693,0.13074897449802758
1761334882.1873915,313.0,5.658389526129236,5.614332358068293,1.8175239562988281,0.8225438370456825,21.56952179449008,-0.38971070454683243,0.07918235504495738,3.9999999996937534,0.4886921905164845,1.0892105036919326
1761334882.2514412,314.0,5.650033580114791,5.656352216995069,1.756374478340149,0.8413256340899444,27.299099745798312,-0.3317951766736269,0.08125803890475287,-5.927382264344643,0.4886921901996641,0.44616681646696826
1761334882.3188927,315.0,5.644552992977939,5.703224934720036,1.6755456924438477,0.8413256340899444,27.999999979445242,-0.2508895006739671,0.07607883881917628,5.22178496951685,0.4745254243685052,1.1894446320577345
1761334882.3846724,316.0,5.643312016031078,5.741592441970009,1.6047172546386719,0.8225438370456825,27.188304087969694,-0.17183071945157913,0.06571679022483812,-3.18559838877286,0.33341171055084545,0.6101706111274918
1761334882.4523304,317.0,5.645068164305199,5.791795885637746,1.516953706741333,0.797415641155897,21.45872613666146,-0.0371522713832908,0.04093452509866916,9.9999999958641,0.07558581541984777,1.464082307546837
1761334882.520335,318.0,5.650107391858618,5.8379401931379835,1.4474081993103027,0.797415641155897,9.999570234044995,0.1023173519702274,0.009165366778967272,2.0187316623915272,-0.21478138342424813,0.9319977519819989
1761334882.5858889,320.0,5.6614865196551545,5.9021450482984195,1.3797142505645752,0.797415641155897,4.269992282736763,0.24650335859188788,-0.02980535634440744,-4.331675257301451,-0.4872535654186991,0.5086372906691337
1761334882.6520944,321.0,5.675150661124083,5.964026508419507,1.3313716650009155,0.797415641155897,-1.459585668571469,0.3764917449920624,-0.0675516228498956,9.999993287906662,-0.4886921749636603,1.4640818603496744
1761334882.722795,322.0,5.686799990047605,6.008013800206135,1.3122868537902832,0.8092085479912965,-7.189163619879701,0.3989566812556671,-0.08251491281577203,9.999993669516686,-0.4886921736087869,1.475874792625742
1761334882.7878823,323.0,5.702457199194768,6.067338117805486,1.3104407787322998,0.797415641155897,-12.918741571187933,0.39995033610921915,-0.09742942613389059,9.99979941889987,-0.48869208267850717,1.4640689357492218
1761334882.856519,325.0,5.720673100021176,6.143627385415569,1.3406211137771606,0.8092085479912965,-18.648319522496166,0.37522732564882944,-0.11315202824921974,-9.99999998525078,-0.48869219048281337,0.1425418823079112
1761334882.9229438,326.0,5.735502919218735,6.222412932511851,1.400396466255188,0.8092085479912965,-24.3778974738044,0.31955674316177873,-0.1211161383878342,4.00000000424325,-0.48869219052323815,1.0758752149408464
1761334882.9952793,328.0,5.742979420688795,6.2871194280821285,1.4601601362228394,0.8515106436608528,-27.99999999798467,0.2718256049079866,-0.1244080731591083,-6.351622755550495,-0.487862409178279,0.4280691266241532
1761334883.0554905,329.0,5.745417793810231,6.33322256890045,1.5195337533950806,0.8970204994223969,-27.952457028999824,0.22062511409678764,-0.12172151555008548,5.094508626087511,-0.42740806498416317,1.2366544078282309
1761334883.1300182,330.0,5.744872822861087,6.377520168469972,1.5974639654159546,0.8515106436608528,-24.488678253445773,0.1133372177638039,-0.10371337520763975,-3.3659429795687155,-0.21024212908164797,0.6271144450229384
1761334883.1894236,331.0,5.740158117298427,6.423193054562761,1.673261046409607,0.8092085479912965,-18.75910030213754,-0.03445086137414499,-0.07232790614706161,9.999999898665408,0.09153032167812408,1.4758752079023236
1761334883.255296,333.0,5.716807016976379,6.530458165597349,1.8346221446990967,0.8247161036093,-13.029522350829307,-0.2768830530657733,-0.00771537930819174,3.9460125616435864,0.48869219055831753,1.0877836077188725
1761334883.325996,335.0,5.694885636863461,6.599716144567656,1.8968366384506226,0.864941199666099,-7.299944399521075,-0.48146417370022654,0.05164824932265554,-9.999999722281705,0.48869219055587226,0.1982745515139852
1761334883.3900497,336.0,5.674742940978244,6.658097200591339,1.9326471090316772,0.864941199666099,-1.5703664482128428,-0.5246297382363894,0.0765265682201833,4.000000083223011,0.48869219050499935,1.1316078718809663
1761334883.4548078,337.0,5.660188213564431,6.696910794555341,1.943787693977356,0.864941199666099,4.159211503095389,-0.5423741601768897,0.09292774959393235,-2.1740271732006766,0.4886921904201301,0.7200060547860538
1761334883.5289896,337.0,5.642133716379018,6.745778819901342,1.929689645767212,0.8247161036093,9.888789454403621,-0.5212950481872536,0.10622032026171035,9.994539257867004,0.48869215850420966,1.4910187208004335
1761334883.5964642,338.0,5.626959699865783,6.790525690311602,1.8986027240753174,0.8332200214958982,21.347945357020087,-0.49753643081843,0.11975044328842001,-8.924757476108372,0.48869219055626384,0.2382361897553401
1761334883.6595085,340.0,5.611083950591288,6.8482357876019915,1.84403657913208,0.8332200214958982,27.07752330832832,-0.4524214479507491,0.13089604967678098,4.322569746095867,0.4886921875043174,1.1213913379022893
1761334883.723081,341.0,5.601774450745821,6.890433562215376,1.7818470001220703,0.864941199666099,27.999999825013255,-0.3993357670232913,0.13663261464436655,-7.041520420647622,0.4886921884682242,0.3955065049562575
1761334883.7926166,342.0,5.594791959931358,6.940543241265782,1.6945768594741821,0.864941199666099,27.999999880241045,-0.3149129406053852,0.13403606403337398,4.88753924245956,0.48869217447592783,1.190777149163403
1761334883.8574886,343.0,5.59247619426297,6.977444897609334,1.621710181236267,0.864941199666099,27.999999078541517,-0.24414231423858368,0.12792550974928327,-3.5951241601772406,0.4380695467914744,0.625266255654283
1761334883.925099,344.0,5.593728252818665,7.027728021045409,1.5374423265457153,0.8332200214958982,25.099536164360217,-0.13850285672533813,0.1116910567649826,9.999999536507023,0.2518372919421501,1.499886657263033
1761334883.9899795,344.0,5.598331554761983,7.070165333411504,1.4564261436462402,0.8116517872825768,19.369958213051984,0.0017427220603618565,0.08367933682881017,6.414307637763745,-0.027617603927180545,1.2392722964668264
1761334884.0563622,346.0,5.609553558109094,7.128680313144247,1.368784785270691,0.8116517872825768,13.64038026174375,0.16443147845589312,0.04434169604466505,-9.999980286284678,-0.3583455874022472,0.1449864348635983
1761334884.1260655,347.0,5.628291425298691,7.196974251394423,1.2771912813186646,0.8116517872825768,7.9108023104355185,0.348833417804542,-0.0050193872787640805,4.000005914114347,-0.449588209611193,1.0783188482235333
1761334884.190188,348.0,5.645235852592211,7.251983707694113,1.2058264017105103,0.8116517872825768,2.1812243591272864,0.4504788402393931,-0.034302995433879345,-3.4775456652630448,-0.4886921856845733,0.5798154095983739
1761334884.259022,349.0,5.662169136780781,7.295775183134635,1.165878415107727,0.7935918156461148,-3.5483535921809457,0.5027284306306159,-0.05479392379012085,9.999999954364021,-0.4886921905218162,1.460258479270383
1761334884.3257987,349.0,5.680698442661249,7.342017179619177,1.1535372734069824,0.7841430335602755,-9.277931543489178,0.5134297381999064,-0.07188052547552617,9.986218428790595,-0.4886921713767763,1.4498909288129818
1761334884.3926532,352.0,5.727400916699395,7.458195352887514,1.207214593887329,0.8069807800489592,-15.00750949479741,0.4754586122731812,-0.11090007252265051,-9.999999997721238,-0.4886921905537849,0.14031411353421008
1761334884.464155,353.0,5.746567158226626,7.522080257400773,1.2718305587768555,0.8250407516854212,-20.737087446105644,0.4193938313079677,-0.1225367366636487,3.9999999997265707,-0.48869219054512514,1.0917074183338593
1761334884.526992,354.0,5.757503487744258,7.566638843243367,1.334803819656372,0.8250407516854212,-26.466665397413877,0.36258869748539624,-0.12497759049000563,-5.848049019319889,-0.48869218949251175,0.43517081706409527
1761334884.5941303,355.0,5.76527590155824,7.61172953695321,1.4127569198608398,0.8069807800489592,-27.9999999389284,0.2884206736001569,-0.12119941973209007,5.245585248815465,-0.48869212943659396,1.1566864633033236
1761334884.6658864,356.0,5.768519789748559,7.6488883552400715,1.4826574325561523,0.7841430335602755,-27.999996497977776,0.22222729218868542,-0.11408884094208394,-2.733553646342777,-0.40602169712910485,0.6019061238040904
1761334884.7267118,357.0,5.769339201879643,7.698342477047793,1.573614239692688,0.7757309915318757,-23.26332963623668,0.11245701866060998,-0.09718320704023772,9.999998213190711,-0.20614194310099007,1.4423975390779231
1761334884.7932377,358.0,5.766113834183947,7.748214090437135,1.6547160148620605,0.7841430335602755,-17.533751684928447,-0.014802843062616144,-0.07054034086644759,-2.1093055698136176,0.052678199004568854,0.6435226622393676
1761334884.8602664,360.0,5.757495686228782,7.8119601573931,1.7305983304977417,0.7757309915318757,-11.804173733620214,-0.1369563639466307,-0.036998450818665284,9.999984981995615,0.29761201159102946,1.44239665699825
1761334884.928073,361.0,5.746494073854599,7.868686541879153,1.7871769666671753,0.7841430335602755,-0.3450178310037497,-0.2586882650860973,-0.004826974593667455,-7.267886259028055,0.4886921857006904,0.2996172829584052
1761334884.9970224,362.0,5.730879382462293,7.9357549031421915,1.8163789510726929,0.7841430335602755,5.384560120304482,-0.34547457647612223,0.024706590999179594,4.819634121121366,0.4886921890957088,1.1054519749683664
1761334885.0606616,364.0,5.720322567388594,7.986081611812632,1.8286718130111694,0.8014772658409535,11.114138071612714,-0.3607757948114223,0.03623832587974399,-7.22114214396953,0.4886921902065249,0.32006778957631815
1761334885.1290188,365.0,5.707497834582876,8.038563826539047,1.8098663091659546,0.8141829475517035,16.843716022920947,-0.34386255669484367,0.04579892057227976,4.833657356069931,0.4886921904524104,1.136426771289699
1761334885.1944737,366.0,5.69985278874257,8.075618209010653,1.7795825004577637,0.8196864617597092,22.57329397422918,-0.31431990205785443,0.04866840868431166,-3.270636334085136,0.48869219011950504,0.6016440394873668
1761334885.262482,367.0,5.693185353183678,8.117384643814,1.7317370176315308,0.8196864617597092,27.999999974852468,-0.2663592629436673,0.04765030901669208,9.999999999779213,0.48869218891747185,1.4863531284116567
1761334885.328507,368.0,5.689070977147311,8.159124400693816,1.6641777753829956,0.8141829475517035,27.99999990598104,-0.19782843474206402,0.04106894079226212,1.2030622865121412,0.386491219959084,0.8943870999858463
1761334885.396276,369.0,5.687999719592457,8.210274244947646,1.5812208652496338,0.8141829475517035,22.270421954672805,-0.08180148060758796,0.021442517194759814,-0.8751747708401472,0.17274643007671484,0.755837962829027
1761334885.4651496,370.0,5.692233201273212,8.270522435962603,1.4742196798324585,0.8141829475517035,16.540844003364573,0.0867983365810403,-0.014832062529297413,6.002252774119773,-0.16814789402744304,1.2143331324930218
1761334885.529282,372.0,5.712430893272872,8.37721085313696,1.333837628364563,0.8196864617597092,10.81126605205634,0.3183074777379318,-0.0804274561161122,-8.801496210624235,-0.48869219019364585,0.2329200477180935
1761334885.5972,373.0,5.7259199557184735,8.43317827800455,1.2931551933288574,0.8240105107524605,5.081688100748107,0.4561035130990314,-0.12238820419533876,4.359551116272835,-0.4886921904277556,1.114647251837316
1761334885.6630812,374.0,5.737855517732819,8.473311662098691,1.275805950164795,0.8319825181987004,-0.6478898505601247,0.4742601594084368,-0.13850639142777535,-3.887720030715572,-0.4886921905584058,0.5728011828176622
1761334885.739059,375.0,5.752285815720322,8.52220323952594,1.2795244455337524,0.8206984145808114,-6.377467801868357,0.46790846458231217,-0.1530839635069082,9.999999991337639,-0.4886921905575622,1.4873650806699872
1761334885.797333,376.0,5.763563224571812,8.561913867494408,1.2978496551513672,0.8141829475517035,-12.107045753176589,0.43440761506493253,-0.16252794648061128,9.999999159732514,-0.4886921873605776,1.4808495582005379
1761334885.8737347,378.0,5.7778208287296495,8.623553387255312,1.3423027992248535,0.8141829475517035,-23.566201655793055,0.3780776483837123,-0.17219001658617258,8.847039008172265,-0.48869218754492455,1.403985548096521
1761334885.9339302,379.0,5.791006354939565,8.700069091585304,1.4209997653961182,0.8206984145808114,-27.999999827339874,0.30267950064859983,-0.17672102973751128,-9.999999999986743,-0.48869219024827426,0.1540317479150285
1761334885.9993107,381.0,5.797256217671293,8.773433711945543,1.5211572647094727,0.8319825181987004,-27.999999982230403,0.22502941689138867,-0.17208246804524466,-3.140000006966683,-0.4536815057155584,0.6226491844009215
1761334886.0739229,382.0,5.799083392477298,8.82253934965704,1.604387879371643,0.8417848626974198,-25.99403552064183,0.14976257893432887,-0.16233563010619526,-2.0578645386994427,-0.4371934079723853,0.7045938934507903
1761334886.1383572,383.0,5.79534971779197,8.85880166792845,1.672232985496521,0.8417848626974198,-25.049337107758838,0.10013958190048289,-0.15005240029399805,-1.3627547975415188,-0.4215501269333265,0.7509345428613186
1761334886.20161,384.0,5.788778508495222,8.897116833717565,1.7426100969314575,0.8319825181987004,-24.15304312648374,0.0523180784863615,-0.13522631829637047,-0.5183339079400945,-0.3939619575170257,0.7974269243360275
1761334886.2713704,384.0,5.778973507056387,8.937356344772773,1.8137165307998657,0.8206984145808114,-22.572357454437807,-0.029210041166165546,-0.11733218155167685,0.5160100180210023,-0.3172375430810491,0.8550990824488782
1761334886.331385,385.0,5.766192845577615,8.977590833716299,1.8833000659942627,0.8128391178702555,-18.176372321643743,-0.11073481689213738,-0.09387734699096524,1.8592920468846184,0.2297279609077858,0.9367919209958968
1761334886.400273,386.0,5.748300392058536,9.023432513170594,1.9560538530349731,0.782280231945542,-12.44679437033551,-0.3166316497980599,-0.03776526262663279,-1.3997914921947014,0.48869219031867345,0.6889607991325619
1761334886.468108,387.0,5.726280845690554,9.070989321300425,2.0176327228546143,0.7835300081567265,-6.717216419027278,-0.43942991975111756,0.0015078794577825271,3.5157823094887273,0.48869219043614115,1.017915495455975
1761334886.5318658,388.0,5.704984976831832,9.112735428299024,2.056079864501953,0.8012545925440413,-0.9876384677190462,-0.464530294545868,0.022373429509716283,-5.431298733316138,0.4886921905495883,0.43916801032296543
1761334886.6001513,389.0,5.679752306490423,9.158683881259044,2.0772411823272705,0.8144150991826021,4.741939483589186,-0.4701800550459403,0.043331993477396406,2.130036063597663,0.4886921868233201,0.9564175034224464
1761334886.665528,391.0,5.636164665363064,9.23863790808578,2.065901517868042,0.8012545925440413,10.471517434897418,-0.4168471735600181,0.06822059910453257,-1.4396087181036763,0.4886921905583394,0.7052806780037962
1761334886.734217,392.0,5.6151951715476525,9.280880221024212,2.0308549404144287,0.7754807305483166,16.20109538620565,-0.3554138970281162,0.07309685217724574,9.612986495607277,0.48869219020654714,1.4163464969221349
1761334886.7991965,393.0,5.595212963569046,9.327198754414955,1.9792102575302124,0.7575584770346626,21.930673337513884,-0.2773724650580527,0.07378997012704687,-9.98906423852106,0.4886919172967411,0.09162086113325862
1761334886.8709607,394.0,5.576627364534454,9.38149908956984,1.9045885801315308,0.7575584770346626,27.660251288822117,-0.18302883544572035,0.06799121052705008,4.003280728437941,0.40344377734839154,1.0244438589305254
1761334886.9343948,395.0,5.567062400921931,9.414581760736285,1.842490792274475,0.7575584770346626,23.11562571287852,-0.07508603631308208,0.05375115337246521,-4.794693893075879,0.15215267908685232,0.4379122174962707
1761334887.001465,396.0,5.5576026526271285,9.457457776944116,1.7714563608169556,0.7575584770346626,17.386047761570286,0.08369704138721801,0.023882647369165348,5.561591815723629,-0.07902448954607653,1.1283312647495713
1761334887.0712183,397.0,5.550718956825616,9.495525111576791,1.7242400646209717,0.7563087008234781,11.656469810262053,0.20869026006445557,-0.002192012108016036,-2.6685914190994,-0.4295171409604915,0.5784026062168515
1761334887.1363757,398.0,5.544097709811896,9.54702078840994,1.6851141452789307,0.7563087008234781,5.92689185895382,0.36184807174226696,-0.03987429404351654,9.999999956469924,-0.48869219045340734,1.4229753645881398
1761334887.2014568,399.0,5.538983574187205,9.593321620923412,1.6660306453704834,0.7563087008234781,-5.532264043662644,0.4198253634704914,-0.057673011516364156,-1.5773510307649588,-0.4886921905584098,0.6511519654391476
1761334887.2767115,400.0,5.532486257393883,9.656464416885344,1.6680173873901367,0.7519892905592395,-11.261841994970876,0.4379929329811856,-0.07507219685718786,9.994579150802966,-0.48869218985291535,1.4182945672794371
1761334887.335082,401.0,5.5261866729118765,9.708496169271198,1.686660647392273,0.7519892905592395,-16.99141994627911,0.4404507898910248,-0.08825357113583589,-9.276789692497683,-0.48869219048315754,0.13353664439272728
1761334887.4051216,402.0,5.5178506872041275,9.767315488140166,1.7226414680480957,0.7530413976440848,-22.720997897587342,0.42595049424564424,-0.10191452577791112,4.216963084061003,-0.48869219051587803,1.0341722699148184
1761334887.4678986,403.0,5.510827569405924,9.81211562754901,1.758087158203125,0.7575584770346626,-27.999999997562966,0.4118423319087885,-0.11208589548774939,-5.113929535903107,-0.48869219045345613,0.4166298413077888
1761334887.5367496,404.0,5.500692359340427,9.85379338374714,1.8062189817428589,0.7575584770346626,-27.999999993986457,0.383983001711683,-0.11697029363913124,5.465818222810253,-0.4886921541103098,1.1219463585553462
1761334887.6055973,405.0,5.4900191147653805,9.888765066407707,1.8718445301055908,0.7575584770346626,-27.999997911677557,0.33834883967954577,-0.11676789695860829,-2.5097115212943812,-0.4886921628972441,0.5902443756150372
1761334887.668958,406.0,5.474749033088298,9.927753164190532,1.9400204420089722,0.7562058068573785,-27.999998415131806,0.28964847707859054,-0.11456264138520775,9.999999725886987,-0.48869219049632023,1.4228724552498444
1761334887.7364364,407.0,5.455351852477294,9.968665572637477,2.0254759788513184,0.7518863965931399,-27.999999996442387,0.22287228393189995,-0.10813163247374555,-2.914308273695971,-0.4095697373392952,0.5575991783467419
1761334887.8116906,408.0,5.429348036794777,10.01259765278622,2.1061129570007324,0.7518863965931399,-23.466617365823296,0.13743337740178418,-0.09370946783736522,9.99999869047545,-0.25317205307965,1.4185529759581699
1761334887.8788922,410.0,5.367148882134321,10.09498153916012,2.270998239517212,0.7518863965931399,-17.737039414515063,-0.03304419651230761,-0.055982176708882156,2.5051967178490884,0.0776660179383647,0.9188995111164124
1761334887.9406757,411.0,5.321691499474465,10.14338774325291,2.348101854324341,0.7518863965931399,-12.00746146320683,-0.17443692763106,-0.016571280494091938,-5.407596317688412,0.3666720571782959,0.39137997541391245
1761334888.0050163,412.0,5.281782409594003,10.182288491034571,2.398736000061035,0.7718433497319275,-6.277883511898598,-0.2841381701883954,0.017583823470991876,5.377721102164618,0.45208615054420265,1.1303580898762353
1761334888.0700943,413.0,5.249448613170781,10.210964111340157,2.4253222942352295,0.7995616644983637,-0.5483055605903662,-0.32181675533778575,0.036520298323998786,-0.8492928877520809,0.4886921898590669,0.742942138648225
1761334888.1420968,414.0,5.209168288749136,10.246077149156163,2.4299492835998535,0.78276912057287,5.181272390717866,-0.3163493402558504,0.047944064712664346,9.15660155553823,0.4886921905183121,1.3932092242754188
1761334888.2119303,416.0,5.170552520895177,10.280498469592839,2.4113388061523438,0.78276912057287,16.64042829333433,-0.2583966980311079,0.05316925069276229,-9.99999992938531,0.4868730841119542,0.11610245861384927
1761334888.2844665,417.0,5.1253740466443425,10.322956375573932,2.3742551803588867,0.8119921193901585,22.370006244642564,-0.20563029508231478,0.055781721165139575,3.9999976845253578,0.42779825976780583,1.078658631691849
1761334888.346932,418.0,5.099110244960563,10.349587370682316,2.32999587059021,0.8173812548474999,24.51103476773652,-0.12226758638524693,0.04682018180463418,-5.328558761848127,0.24395784652810776,0.4621440040576248
1761334888.4145658,419.0,5.07139622575805,10.382429848942664,2.2733447551727295,0.8173812548474999,18.781456816428285,0.010378456301940009,0.022916825310980805,5.401432353625681,0.057794569936721274,1.177476745089212
1761334888.480163,420.0,5.049723087055116,10.411032636965514,2.2119200229644775,0.8119921193901585,13.051878865120052,0.14394520666251465,-0.0030056084884165727,-3.2924352340247243,-0.2963984988673251,0.5924964371218435
1761334888.5460517,420.0,5.022273559821084,10.451888311785098,2.1553258895874023,0.8119921193901585,7.32230091381182,0.2968139519148312,-0.043939099272887375,9.999999953455573,-0.48869219030487043,1.4786587829538633
1761334888.6147854,421.0,4.998035298036473,10.490134010163185,2.1119682788848877,0.8021086385193031,1.5927229625035881,0.4194042564853868,-0.07271814588778533,2.4731362276656643,-0.48869218978976775,0.9669843870303474
1761334888.6803386,422.0,4.967333237423765,10.543276810926569,2.082777738571167,0.774593118758717,-4.136854988804644,0.4644364875318079,-0.09235401915175376,-5.8959310379440115,-0.4886921836051637,0.38153104956244954
1761334888.7474768,424.0,4.932894017841076,10.604355536858748,2.074293375015259,0.774593118758717,-9.866432940112876,0.5131063005895848,-0.11704901682814137,5.231220178320652,-0.48869218646072493,1.1233411306467604
1761334888.8141577,425.0,4.908984065266844,10.646859968193848,2.086357355117798,0.8021086385193031,-15.596010891421109,0.5253858435580732,-0.13610480087825366,-0.8778747705702035,-0.4886921905449136,0.7435836538146229
1761334888.883331,425.0,4.88608241012348,10.684713081070615,2.1120529174804688,0.8021086385193031,-21.325588842729342,0.49969028256697623,-0.1487093546582947,8.400722536769722,-0.48869219035201167,1.3621568076372848
1761334888.9471734,426.0,4.858339932749486,10.726555271945315,2.1629552841186523,0.8037601071155115,-27.055166794037575,0.46829344983157206,-0.15957718787263028,-9.999849840555237,-0.4886921873639256,0.13710345107849564
1761334889.0106912,428.0,4.825944022669297,10.768640519395987,2.232800245285034,0.8119921193901585,-27.999999816969396,0.43726571619335663,-0.16705344646675346,4.000045046211966,-0.4886921889492432,1.078661789137623
1761334889.0751805,429.0,4.764210225419474,10.832525509454323,2.3985161781311035,0.8052647911663637,-27.999999907801406,0.2885523746886616,-0.16384618416251756,-4.318353542980962,-0.4886314280470955,0.517374554967633
1761334889.149847,430.0,4.729220251135976,10.860250697625585,2.486016273498535,0.7953813102955084,-27.996518564548932,0.2179730221877434,-0.1563066483942034,9.999989058494267,-0.38282717541110883,1.4620472475284596
1761334889.2135305,431.0,4.696443813924526,10.882412508589665,2.5487990379333496,0.7798409140345919,-22.2669406132407,0.13867645740477696,-0.14131976546891223,9.99999034528777,-0.3655459304086507,1.4465069370537766
1761334889.2817967,433.0,4.641610581645901,10.913990558694708,2.6316211223602295,0.7607041910940088,-20.944239030598585,0.08743076420500495,-0.12780411382699963,-3.370839754556357,-0.14114558768428953,0.5359815407902516
1761334889.3402944,434.0,4.5797771391480175,10.943912264970997,2.7351903915405273,0.7607041910940088,-15.214661079290352,-0.05585079425947059,-0.09562054790470106,9.999999783164089,0.15190511708291426,1.427370843304948
1761334889.4158008,435.0,4.525538696377682,10.968214511723012,2.8174753189086914,0.7798409140345919,-3.7555051766738865,-0.191994129731881,-0.06240662463564609,9.999997588453727,0.4173951443983662,1.4465074199315069
1761334889.4844265,437.0,4.457415816149261,10.988702197283873,2.864154815673828,0.7798409140345919,1.9740727746343456,-0.27076872868317503,-0.02744929932449744,-9.999997040664155,0.4886921653899585,0.11317444465698157
1761334889.5507753,438.0,4.381220658117178,11.00883760861857,2.8869543075561523,0.7798409140345919,7.703650725942578,-0.2946063913966248,-0.006440946649369818,4.00000077229237,0.4886921681162623,1.0465076321874165
1761334889.618856,439.0,4.326113440730716,11.021076963283575,2.903806447982788,0.7798409140345919,13.43322867725081,-0.29096335639809734,0.005751676344380527,-5.267109731678569,0.48869219055149066,0.4287002652560206
1761334889.6796253,440.0,4.274607477321362,11.034432520010785,2.8996098041534424,0.7953813102955084,19.162806628559043,-0.26911687506082194,0.012680603241191593,5.419863476025893,0.4886853914788247,1.1567055420305679
1761334889.7480965,441.0,4.233743847352513,11.046047318098186,2.8682539463043213,0.8201020691839954,24.892384579867276,-0.22185086261181963,0.013289444191596618,-3.019782575690223,0.43657692375576174,0.6187832308046473
1761334889.8125248,443.0,4.187125805084446,11.061670892726339,2.8156802654266357,0.8201020691839954,25.014015164009876,-0.11190156035077159,0.002672419443571038,9.999974320395658,0.23839073369239128,1.4867670238770394
1761334889.8817425,444.0,4.147374626499898,11.077857830266588,2.745884656906128,0.8201020691839954,19.284437212701643,0.037498421948682914,-0.024614941751420472,-2.2749602028152918,-0.0625406447427671,0.668438055662976
1761334889.9496286,445.0,4.095541054789095,11.104148297879835,2.6658949851989746,0.8201020691839954,13.55485926139341,0.21890458451997752,-0.06623788685093235,9.993295875599616,-0.4216307835208949,1.48632179422397
1761334890.0096369,446.0,4.045802874609293,11.133254036693765,2.5880696773529053,0.8201020691839954,7.825281310085178,0.4194855973905569,-0.11469746750059048,-8.055455718621799,-0.4886921905580066,0.2830716879425422
1761334890.0805464,447.0,3.9939936631868966,11.168714703498724,2.5266215801239014,0.8506122676066692,2.0957033587769462,0.5278012216015107,-0.15080410791843837,4.583358106201476,-0.4886921741909117,1.1561694746867675
1761334890.1510954,449.0,3.9091450652453754,11.230329157522368,2.452782154083252,0.8841828298044272,-3.633874592531286,0.6488968077497819,-0.20427096489932742,-7.711135256244497,-0.4886921904395812,0.370107146054794
1761334890.2193274,449.0,3.872728342344287,11.259969755904423,2.4554154872894287,0.8841828298044272,-9.363452543839518,0.6462634805586678,-0.22604636057159733,4.686657634436403,-0.4886921896656574,1.1966266721001875
1761334890.2849717,450.0,3.843852793051316,11.282367958433559,2.4761507511138916,0.8841828298044272,-15.093030495147751,0.6459442377947533,-0.24068135736112645,-3.403845029162336,-0.48869219053174673,0.6572598278602715
1761334890.3426566,451.0,3.803897975973561,11.311126060544524,2.5221879482269287,0.8841828298044272,-20.822608446455984,0.6201242212544074,-0.25746896255281615,9.999999800781882,-0.48869219055547186,1.550849483189886
1761334890.419497,452.0,3.7617490459012624,11.337201162905579,2.5858092308044434,0.8841828298044272,-26.552186397764217,0.5765208010056218,-0.2699680317705898,-1.165761772253294,-0.4886921895933417,0.8064653783208743
1761334890.4840894,453.0,3.7041338508954254,11.366937487088489,2.676194906234741,0.8841828298044272,-27.99999994470553,0.5059539080255515,-0.28178002270230673,8.666189527564262,-0.4886921905580717,1.4619287983087113
1761334890.5517037,455.0,3.655563499545574,11.386347314445008,2.7737247943878174,0.91275384149721,-27.99999999998049,0.4524228451951693,-0.28667478070165214,-9.999999999958769,-0.488692190558358,0.246087174833292
1761334890.6227298,456.0,3.5904937374041404,11.405737647767976,2.8945791721343994,0.8914934514553319,-27.99999999999689,0.34710027190510306,-0.28353436517819547,3.999999999660523,-0.48869219054826374,1.1581601180993668
1761334890.6869035,457.0,3.54655086309539,11.418649968220853,2.993713855743408,0.8914934514553319,-27.99999999941853,0.2666099211780688,-0.2805802913415355,-5.763496927564334,-0.4184207333791122,0.507260322951043
1761334890.7554483,458.0,3.4933077937270145,11.422196743308605,3.0932252407073975,0.8653637973879689,-23.973742083391816,0.15670167688273384,-0.2615185046294971,5.270950915863819,-0.2815922865300055,1.2167605251122233
1761334890.8202124,459.0,3.4511406700147536,11.42137127357171,-3.10823130607605,0.8453445928441882,-18.244164132083583,0.047984781803693366,-0.23762935684513667,-3.3387730340338058,-0.0085448953918828,0.6227597239086011
1761334890.8884978,460.0,3.3950207370049164,11.415447187745436,-3.019808769226074,0.8132446078332,-12.51458618077535,-0.09911622667956799,-0.2007953339926548,9.999999987581251,0.2915612799680557,1.47991127367195
1761334890.957933,461.0,3.3449768424929007,11.407102185716571,-2.95133638381958,0.8132446078332,-6.785008229467118,-0.23057310827638666,-0.16448941401504755,3.919502903916957,0.4886921888206317,1.0745448014276637
1761334891.0212283,462.0,3.284800456128082,11.392666251784673,-2.8980112075805664,0.7872089708171295,-1.0554302781588856,-0.32183275936402644,-0.13386883910750275,-9.9997394042331,0.48869219054444907,0.12055967720158944
1761334891.0928833,463.0,3.2165476665514108,11.374275744485566,-2.8654820919036865,0.8132446078332,4.6741476731493465,-0.3397820774720621,-0.11395980626823668,4.000078177443143,0.48869219038340667,1.0799164863294095
1761334891.152308,464.0,3.169716043802547,11.36387755556753,-2.8578741550445557,0.8508000000062073,10.403725624457579,-0.3347338904765458,-0.10397831364452383,-1.544916060681432,0.48869218983866186,0.7478055959607784
1761334891.2212715,465.0,3.131439587907657,11.353512172354487,-2.8684635162353516,0.8508000000062073,16.13330357576581,-0.30489508985220226,-0.09908127961880421,9.714364218372152,0.48869219048399065,1.4984242812310173
1761334891.2848136,466.0,3.0870151087965967,11.34247274393978,-2.899951219558716,0.8132446078332,21.862881527074045,-0.23943640230619323,-0.10010656829701893,-9.999999999217811,0.48869219055824203,0.14657794121867918
1761334891.3569968,467.0,3.031608081145585,11.33191615922779,-2.9589157104492188,0.7868143418497038,27.592459478382278,-0.15144822761152987,-0.10692524039601373,3.9999999986867287,0.3994942317404136,1.053481008428819
1761334891.420818,468.0,2.9712819827993764,11.323261248678973,-3.0336990356445312,0.7868143418497038,22.88933341854695,-0.027120615759657962,-0.12544731731002112,-5.122247305729438,0.12942017700480868,0.4453311881344079
1761334891.4871306,469.0,2.930846025672603,11.321503901848349,-3.095651388168335,0.7868143418497038,17.159755467238718,0.12823760519327987,-0.15837761448263252,5.463325334599619,-0.09840671956540109,1.1510360308230116
1761334891.554201,470.0,2.8873083719103034,11.321792331614136,3.1167337894439697,0.7868143418497038,11.430177515930485,0.27320219463648776,-0.19152712657951965,-2.7877172350435364,-0.48285766641869415,0.6009665261801347
1761334891.6221967,471.0,2.791563424170765,11.330168931178786,3.0291244983673096,0.7868143418497038,5.7005995646222525,0.48246204286993954,-0.25595088426535645,9.999999710232238,-0.48869219055735763,1.4534809891985196
1761334891.6877744,472.0,2.743830665348301,11.336551662572395,3.0086183547973633,0.806205743967816,-0.02897838668597963,0.5176021070139907,-0.27814890158520233,-2.262757455094034,-0.4886921892282795,0.655355246961547
1761334891.7549822,473.0,2.681250172089721,11.344607346175037,3.009721040725708,0.8108251566367798,-5.758556337994212,0.5236368548324677,-0.30178049227828524,9.999999967290037,-0.488692190558404,1.4774918211227823
1761334891.8240585,474.0,2.630435585041961,11.350351991150227,3.0306191444396973,0.8108251566367798,-11.488134289302444,0.506057538191115,-0.31794568293915604,-6.538578762292634,-0.48869219055829194,0.37491990581727086
1761334891.8902876,476.0,2.5641254270971765,11.355114356703934,3.076464891433716,0.8108251566367798,-22.94729019191891,0.529385365644691,-0.3365470675523533,5.038426364316787,-0.4886921905361297,1.1467202475912321
1761334891.9570749,476.0,2.5176303509440756,11.356171958685298,3.1224913597106934,0.8108251566367798,-27.999999998723304,0.48335889736018967,-0.347077874534022,-7.345500941127496,-0.48869219055839297,0.3211250938949467
1761334892.0231023,477.0,2.4674118156352463,11.354312061408178,-3.097113847732544,0.8108251566367798,-27.999999999998895,0.43627307177080255,-0.35463002000896293,4.796349697445747,-0.4886921902854382,1.130581803133163
1761334892.0887945,478.0,2.4324775144648925,11.350576300823422,-3.034799098968506,0.8134319030842649,-27.99999998435974,0.37884340187422794,-0.35565121835306795,-3.690544138233397,-0.4886921905569731,0.5673956272020384
1761334892.1596413,479.0,2.3892941513249046,11.342901934435545,-2.9636104106903076,0.8134319030842649,-27.99999999991754,0.3000255575758346,-0.35392341025226565,9.999999999203187,-0.4750074595637132,1.4800985696978106
1761334892.2261455,480.0,2.3515313212310485,11.333305764829785,-2.8886115550994873,0.7843948906532836,-27.21592267023188,0.19583433871079237,-0.344542058455372,9.4196212879418,-0.3051736957726062,1.4123696431827368
1761334892.296202,482.0,2.2986592677308946,11.314989074324394,-2.807246208190918,0.7816882367081323,-21.486344718923647,-0.012393571017339955,-0.31890903804089205,-9.999999996396285,0.07589872334440528,0.11502157028171323
1761334892.3627741,484.0,2.233572728719113,11.286152643721218,-2.69551157951355,0.7816882367081323,-15.756766767615414,-0.3639824752541658,-0.26237370144362054,4.000000000794624,0.3648541503883586,1.0483549034277737
1761334892.426299,486.0,2.183439424615656,11.263563146790853,-2.592040538787842,0.7816882367081323,-10.02718881630718,-0.6532922017545837,-0.2140513188870042,-5.5159072424258495,0.4886921905533482,0.4139610872130756
1761334892.4930227,486.0,2.1427681966739853,11.239817290267538,-2.5098624229431152,0.8134319030842649,-4.297610864998949,-0.7791882505982817,-0.17218778792743844,5.345227827091148,0.4886921905566582,1.1697804248903414
1761334892.5589995,487.0,2.107624725543014,11.21308946627875,-2.4643006324768066,0.8134319030842649,1.4319670863092835,-0.8483355990033394,-0.14083277355710871,-2.717434732434497,0.48869217927559666,0.6322695875886318
1761334892.622711,488.0,2.0725104675156323,11.183719337177777,-2.4416096210479736,0.7816882367081323,7.161545037617516,-0.8688973165354863,-0.11302943384861044,9.999997132401777,0.4886921900565701,1.448354712201584
1761334892.6914644,489.0,2.0305925498487802,11.148842572611162,-2.4434778690338135,0.7816882367081323,12.891122988925748,-0.8502033961136424,-0.07702662826402322,-0.5261069997074994,0.48869219055839863,0.7466144367276323
1761334892.7584708,490.0,1.9854726255818849,11.11266516363545,-2.4641454219818115,0.8081258829337628,18.62070094023398,-0.7970926836103924,-0.03846292704985396,7.4600990939819996,0.4886921894373962,1.3054658225325628
1761334892.8261967,492.0,1.890372212266179,11.046288205731127,-2.5740842819213867,0.8325434826957803,24.350278891542214,-0.6913914967053003,0.019004516264131355,-9.98980816900222,0.48869215584241427,0.16655627142896556
1761334892.8950286,493.0,1.841636607048154,11.020344106151192,-2.6632628440856934,0.8381429698703871,27.999998010919832,-0.6001184121703957,0.035198111213916944,4.003057548674827,0.488692180137356,1.1050134731153756
1761334892.958702,494.0,1.8086520317600416,11.005592854872638,-2.7363698482513428,0.8381429698703871,27.999999402917457,-0.5217766982073826,0.04081996356514705,-4.194721816380063,0.4886921905583675,0.558494848778383
1761334893.0235033,495.0,1.7628580097926183,10.990139872862374,-2.8280558586120605,0.8381429698703871,27.999999999997435,-0.42268684094810416,0.043717363826655795,9.99999999448665,0.4886921905571752,1.504809636169497
1761334893.09351,496.0,1.7224975432506429,10.980489981542652,-2.903428554534912,0.8325434826957803,27.999999999929123,-0.33677008672574615,0.04167033000469378,9.999999999996323,0.4886921905582333,1.4992101493622019
1761334893.1613355,498.0,1.6589703762809476,10.970569384622067,-3.005970001220703,0.8007998163196477,27.999999999989747,-0.2030685499699123,0.03276700011166817,-9.999995928200573,0.3984163419983127,0.13413342110627624
1761334893.2305539,499.0,1.5841004505482938,10.9673140601267,-3.1354868412017822,0.8007998163196477,22.827574885544127,-0.028516758954660215,0.006298058573246779,4.000000171323589,0.20555150493670074,1.067466494407887
1761334893.294261,500.0,1.5339059905822774,10.967064723244636,3.045032501220703,0.8328369497198849,17.097996934235894,0.14574191201411324,-0.02656904616537686,-6.185087589530391,-0.2769228883567153,0.42049777708452546
1761334893.3594937,501.0,1.4827610349796492,10.975206804991824,2.962799310684204,0.8384101456885011,11.368418982927661,0.3828486935668174,-0.08426845454058204,5.144473723104595,-0.4251613998969785,1.1813750605621407
1761334893.4265826,502.0,1.443240813448363,10.983580161102388,2.9042725563049316,0.8498970708438753,5.638841031619429,0.5117834006775492,-0.1159008690610983,-3.2891552593159945,-0.488692186515,0.6306200535561424
1761334893.4929633,502.0,1.3923927646543406,10.997742704136135,2.8624660968780518,0.8498970708438753,-0.09073691968880304,0.5754860469417356,-0.14652500417787806,9.999834108615332,-0.48869218864601577,1.5165526780848975
1761334893.5606496,503.0,1.3443222027951265,11.01208589669535,2.843632936477661,0.8498970708438753,-5.820314870997035,0.6190727786570536,-0.17088588088230897,-0.4821084897701251,-0.48869219055841084,0.8177565048592004
1761334893.628792,504.0,1.2941157868341993,11.028101689506117,2.8351478576660156,0.8384101456885011,-11.549892822305267,0.6524867671359775,-0.19576186549343516,6.539941140297206,-0.48869219055831103,1.2744062217083147
1761334893.6932902,505.0,1.2317984699967222,11.047054890463215,2.8469130992889404,0.8384101456885011,-17.2794707736135,0.6698126452792534,-0.226554909213624,-9.98356873635053,-0.48869219013344123,0.17283889659846574
